allInPings,assistMePings,assists,baitPings,baronKills,basicPings,bountyLevel,champExperience,champLevel,championName,commandPings,damageDealtToBuildings,damageDealtToObjectives,damageDealtToTurrets,damageSelfMitigated,dangerPings,deaths,detectorWardsPlaced,enemyMissingPings,enemyVisionPings,firstBloodAssist,firstBloodKill,firstTowerAssist,firstTowerKill,getBackPings,goldEarned,goldSpent,holdPings,item0,item1,item2,item3,item4,item5,item6,killingSprees,kills,largestCriticalStrike,largestKillingSpree,largestMultiKill,longestTimeSpentLiving,magicDamageDealt,magicDamageDealtToChampions,magicDamageTaken,needVisionPings,neutralMinionsKilled,onMyWayPings,participantId,physicalDamageDealt,physicalDamageDealtToChampions,physicalDamageTaken,pushPings,sightWardsBoughtInGame,spell1Id,spell2Id,summonerName,teamId,timeCCingOthers,timePlayed,totalAllyJungleMinionsKilled,totalDamageDealt,totalDamageDealtToChampions,totalDamageShieldedOnTeammates,totalDamageTaken,totalEnemyJungleMinionsKilled,totalHeal,totalHealsOnTeammates,totalMinionsKilled,totalTimeCCDealt,totalTimeSpentDead,totalUnitsHealed,trueDamageDealt,trueDamageDealtToChampions,trueDamageTaken,turretKills,turretTakedowns,turretsLost,visionClearedPings,visionScore,visionWardsBoughtInGame,wardsKilled,wardsPlaced,win,gameId,championImg,perk1Name,perk1Img,perk2Name,perk2Img,perk3Name,perk3Img,perk4Name,perk4Img,perk5Name,perk5Img,perk6Name,perk6Img,perk7Name,perk7Img,perk8Name,perk8Img,perk9Name,perk9Img,item0Img,item1Img,item2Img,item3Img,item4Img,item5Img,item6Img
1,12,5,0,0,0,2,14864,16,Gragas,9,2117,8440,2117,12809,0,1,4,7,2,False,False,False,False,0,10364,9050,0,Glacieterno,Anel de Doran,Cronômetro Quebrado,Botas Ionianas da Lucidez,Armaguarda da Caçadora,Véu da Banshee,Lente do Oráculo,1,2,0,2,1,582,129183,13921,5428,1,8,10,1,14983,1203,8141,0,0,4,12,JDG 369,100,34,1555,6,148618,15125,0,13704,0,7166,0,227,402,27,1,4452,0,135,2,4,1,0,25,4,3,9,True,2677225,https://raw.communitydragon.org/latest/plugins/rcp-be-lol-game-data/global/default/v1/champion-icons/79.png,Cometa Arcano,https://raw.communitydragon.org/latest/game/assets/perks/styles/sorcery/arcanecomet/arcanecomet.png,Faixa de Fluxo de Mana,https://raw.communitydragon.org/latest/game/assets/perks/styles/sorcery/manaflowband/manaflowband.png,Foco Absoluto,https://raw.communitydragon.org/latest/game/assets/perks/styles/sorcery/absolutefocus/absolutefocus.png,Chamuscar,https://raw.communitydragon.org/latest/game/assets/perks/styles/sorcery/scorch/scorch.png,Entrega de Biscoitos,https://raw.communitydragon.org/latest/game/assets/perks/styles/inspiration/biscuitdelivery/biscuitdelivery.png,Perspicácia Cósmica,https://raw.communitydragon.org/latest/game/assets/perks/styles/inspiration/cosmicinsight/cosmicinsight.png,Armor,https://raw.communitydragon.org/latest/game/assets/perks/statmods/statmodsarmoricon.png,Adaptive,https://raw.communitydragon.org/latest/game/assets/perks/statmods/statmodsadaptiveforceicon.png,Adaptive,https://raw.communitydragon.org/latest/game/assets/perks/statmods/statmodsadaptiveforceicon.png,https://raw.communitydragon.org/latest/game/assets/items/icons2d/6656_mage_t4_everfrost.png,https://raw.communitydragon.org/latest/game/assets/items/icons2d/1056_mage_t1_doransring.png,https://raw.communitydragon.org/latest/game/assets/items/icons2d/2424_mage_t1_brokenstopwatch.png,https://raw.communitydragon.org/latest/game/assets/items/icons2d/3158_class_t2_ionianbootsoflucidity.png,https://raw.communitydragon.org/latest/game/assets/items/icons2d/3191_battlemage_t2_seekersarmguard.png,https://raw.communitydragon.org/latest/game/assets/items/icons2d/3102_mage_t3_bansheesveil.png,https://raw.communitydragon.org/latest/game/assets/items/icons2d/3364_class_t1_oracleslens.png
1,18,5,0,0,0,1,9801,12,Nautilus,44,342,19174,342,31203,0,1,6,6,12,False,True,False,False,17,8831,8175,2,Proteção Imutável,Égide de Fogo Solar,Sentinela de Controle,Passos de Mercúrio,Manto Anula-Magia,Cristal de Rubi,Lente do Oráculo,0,2,0,0,1,821,66576,3712,2974,0,119,50,2,29944,1104,9780,0,0,4,11,JDG Kanavi,100,23,1555,81,133916,5322,0,12957,11,7624,482,13,665,27,5,37394,505,201,0,3,1,0,32,7,8,6,True,2677225,https://raw.communitydragon.org/latest/plugins/rcp-be-lol-game-data/global/default/v1/champion-icons/111.png,Pós-choque,https://raw.communitydragon.org/latest/game/assets/perks/styles/resolve/veteranaftershock/veteranaftershock.png,Fonte da Vida,https://raw.communitydragon.org/latest/game/assets/perks/styles/resolve/fontoflife/fontoflife.png,Condicionamento,https://raw.communitydragon.org/latest/game/assets/perks/styles/resolve/conditioning/conditioning.png,Crescimento Excessivo,https://raw.communitydragon.org/latest/game/assets/perks/styles/resolve/overgrowth/overgrowth.png,Triunfo,https://raw.communitydragon.org/latest/game/assets/perks/styles/precision/triumph.png,Lenda: Tenacidade,https://raw.communitydragon.org/latest/game/assets/perks/styles/precision/legendtenacity/legendtenacity.png,HealthScaling,https://raw.communitydragon.org/latest/game/assets/perks/statmods/statmodshealthscalingicon.png,MagicRes,https://raw.communitydragon.org/latest/game/assets/perks/statmods/statmodsmagicresicon.magicresist_fix.png,AttackSpeed,https://raw.communitydragon.org/latest/game/assets/perks/statmods/statmodsattackspeedicon.png,https://raw.communitydragon.org/latest/game/assets/items/icons2d/3001_support_lunari.png,https://raw.communitydragon.org/latest/game/assets/items/icons2d/3068_tank_t4_sunfireaegis.png,https://raw.communitydragon.org/latest/game/assets/items/icons2d/2055_class_t1_controlward.png,https://raw.communitydragon.org/latest/game/assets/items/icons2d/3111_class_t2_mercurystreads.png,https://raw.communitydragon.org/latest/game/assets/items/icons2d/1033_base_t1_magicmantle.png,https://raw.communitydragon.org/latest/game/assets/items/icons2d/1028_base_t1_rubycrystal.png,https://raw.communitydragon.org/latest/game/assets/items/icons2d/3364_class_t1_oracleslens.png
2,1,4,0,0,0,5,14371,15,Jayce,38,10566,14617,10566,7834,0,0,4,12,0,False,False,False,True,0,12171,11125,0,Sentinela de Controle,Muramana,Lâmina Fantasma de Youmuu,Eclipse,0,Passos de Mercúrio,Lente do Oráculo,1,5,0,5,2,0,15470,1778,5585,0,20,41,3,147833,11874,3989,0,0,4,12,JDG knight,100,4,1555,2,163304,13653,0,10186,8,216,0,240,111,0,1,0,0,611,3,6,1,0,56,5,19,7,True,2677225,https://raw.communitydragon.org/latest/plugins/rcp-be-lol-game-data/global/default/v1/champion-icons/126.png,Ímpeto Gradual,https://raw.communitydragon.org/latest/game/assets/perks/styles/sorcery/phaserush/phaserush.png,Faixa de Fluxo de Mana,https://raw.communitydragon.org/latest/game/assets/perks/styles/sorcery/manaflowband/manaflowband.png,Foco Absoluto,https://raw.communitydragon.org/latest/game/assets/perks/styles/sorcery/absolutefocus/absolutefocus.png,Chamuscar,https://raw.communitydragon.org/latest/game/assets/perks/styles/sorcery/scorch/scorch.png,Ventos Revigorantes,https://raw.communitydragon.org/latest/game/assets/perks/styles/resolve/secondwind/secondwind.png,Crescimento Excessivo,https://raw.communitydragon.org/latest/game/assets/perks/styles/resolve/overgrowth/overgrowth.png,MagicRes,https://raw.communitydragon.org/latest/game/assets/perks/statmods/statmodsmagicresicon.magicresist_fix.png,Adaptive,https://raw.communitydragon.org/latest/game/assets/perks/statmods/statmodsadaptiveforceicon.png,Adaptive,https://raw.communitydragon.org/latest/game/assets/perks/statmods/statmodsadaptiveforceicon.png,https://raw.communitydragon.org/latest/game/assets/items/icons2d/2055_class_t1_controlward.png,https://raw.communitydragon.org/latest/game/assets/items/icons2d/3042_marksman_t3_muramana.png,https://raw.communitydragon.org/latest/game/assets/items/icons2d/3142_assassin_t3_youmuusghostblade.png,https://raw.communitydragon.org/latest/game/assets/items/icons2d/6692_assassin_t4_eclipse.png,,https://raw.communitydragon.org/latest/game/assets/items/icons2d/3111_class_t2_mercurystreads.png,https://raw.communitydragon.org/latest/game/assets/items/icons2d/3364_class_t1_oracleslens.png
0,3,4,0,0,0,3,12226,14,Jinx,12,5414,17828,5414,3746,0,0,3,6,19,True,False,False,False,3,12034,9875,0,Força do Vendaval,Gume do Infinito,Grevas do Berserker,Zelo,0,0,Alteração Vidente,1,3,598,3,2,1550,704,704,1886,0,20,11,4,179650,10514,5012,0,0,4,1,JDG Ruler,100,10,1555,20,181178,11339,0,7081,0,2247,0,258,64,0,1,822,120,182,2,5,1,1,46,3,10,12,True,2677225,https://raw.communitydragon.org/latest/plugins/rcp-be-lol-game-data/global/default/v1/champion-icons/222.png,Ritmo Fatal,https://raw.communitydragon.org/latest/game/assets/perks/styles/precision/lethaltempo/lethaltempotemp.png,Presença de Espírito,https://raw.communitydragon.org/latest/game/assets/perks/styles/precision/presenceofmind/presenceofmind.png,Lenda: Linhagem,https://raw.communitydragon.org/latest/game/assets/perks/styles/precision/legendbloodline/legendbloodline.png,Dilacerar,https://raw.communitydragon.org/latest/game/assets/perks/styles/precision/cutdown/cutdown.png,Tempestade Crescente,https://raw.communitydragon.org/latest/game/assets/perks/styles/sorcery/gatheringstorm/gatheringstorm.png,Foco Absoluto,https://raw.communitydragon.org/latest/game/assets/perks/styles/sorcery/absolutefocus/absolutefocus.png,Armor,https://raw.communitydragon.org/latest/game/assets/perks/statmods/statmodsarmoricon.png,Adaptive,https://raw.communitydragon.org/latest/game/assets/perks/statmods/statmodsadaptiveforceicon.png,AttackSpeed,https://raw.communitydragon.org/latest/game/assets/perks/statmods/statmodsattackspeedicon.png,https://raw.communitydragon.org/latest/game/assets/items/icons2d/6671_marksman_t4_galeforce.png,https://raw.communitydragon.org/latest/game/assets/items/icons2d/3031_marksman_t3_infinityedge.png,https://raw.communitydragon.org/latest/game/assets/items/icons2d/3006_class_t2_berserkersgreaves.png,https://raw.communitydragon.org/latest/game/assets/items/icons2d/3086_fighter_t2_zeal.png,,,https://raw.communitydragon.org/latest/game/assets/items/icons2d/3363_class_t1_farsightalteration.png
0,1,7,1,0,0,1,7119,10,Rakan,21,74,409,74,8932,0,2,7,27,27,True,False,False,False,0,6502,5575,0,Cronômetro Quebrado,Bastião da Montanha,Hino Bélico de Shurelya,Manto Anula-Magia,Passos de Mercúrio,Cristal de Rubi,Lente do Oráculo,0,1,0,0,1,359,3678,1694,4444,5,0,14,5,3155,798,5539,0,0,7,4,JDG MISSING,100,10,1555,0,13868,2492,1059,10333,0,2895,1043,33,39,24,5,7033,0,350,0,2,1,0,78,7,11,40,True,2677225,https://raw.communitydragon.org/latest/plugins/rcp-be-lol-game-data/global/default/v1/champion-icons/497.png,Aprimoramento Glacial,https://raw.communitydragon.org/latest/game/assets/perks/styles/inspiration/glacialaugment/glacialaugment.png,Sincronia Perfeita,https://raw.communitydragon.org/latest/game/assets/perks/styles/inspiration/perfecttiming/perfecttiming.png,Pulverizador de Tropas,https://raw.communitydragon.org/latest/game/assets/perks/styles/inspiration/miniondematerializer/miniondematerializer.png,Perspicácia Cósmica,https://raw.communitydragon.org/latest/game/assets/perks/styles/inspiration/cosmicinsight/cosmicinsight.png,Ventos Revigorantes,https://raw.communitydragon.org/latest/game/assets/perks/styles/resolve/secondwind/secondwind.png,Inabalável,https://raw.communitydragon.org/latest/game/assets/perks/styles/sorcery/unflinching/unflinching.png,Armor,https://raw.communitydragon.org/latest/game/assets/perks/statmods/statmodsarmoricon.png,MagicRes,https://raw.communitydragon.org/latest/game/assets/perks/statmods/statmodsmagicresicon.magicresist_fix.png,Adaptive,https://raw.communitydragon.org/latest/game/assets/perks/statmods/statmodsadaptiveforceicon.png,https://raw.communitydragon.org/latest/game/assets/items/icons2d/2424_mage_t1_brokenstopwatch.png,https://raw.communitydragon.org/latest/game/assets/items/icons2d/3860_tank_t3_bulwarkofthemountain.png,https://raw.communitydragon.org/latest/game/assets/items/icons2d/2065_tank_t4_shurelyasbattlesong.png,https://raw.communitydragon.org/latest/game/assets/items/icons2d/1033_base_t1_magicmantle.png,https://raw.communitydragon.org/latest/game/assets/items/icons2d/3111_class_t2_mercurystreads.png,https://raw.communitydragon.org/latest/game/assets/items/icons2d/1028_base_t1_rubycrystal.png,https://raw.communitydragon.org/latest/game/assets/items/icons2d/3364_class_t1_oracleslens.png
0,1,0,0,0,0,0,12371,14,Jax,4,1346,3627,1346,17332,0,4,3,1,0,False,False,False,False,0,8540,8225,0,Quebracascos,Ruptor Divino,0,Passos de Mercúrio,0,0,Sentinela Invisível,0,1,0,0,1,641,41979,3880,12572,0,8,0,6,65052,4165,8518,0,0,4,12,BLG Bin,200,10,1555,8,107032,8045,0,21203,0,3039,0,196,79,143,1,0,0,112,0,0,7,0,23,3,5,12,False,2677225,https://raw.communitydragon.org/latest/plugins/rcp-be-lol-game-data/global/default/v1/champion-icons/24.png,Aperto dos Mortos-Vivos,https://raw.communitydragon.org/latest/game/assets/perks/styles/resolve/graspoftheundying/graspoftheundying.png,Demolir,https://raw.communitydragon.org/latest/game/assets/perks/styles/resolve/demolish/demolish.png,Ventos Revigorantes,https://raw.communitydragon.org/latest/game/assets/perks/styles/resolve/secondwind/secondwind.png,Inabalável,https://raw.communitydragon.org/latest/game/assets/perks/styles/sorcery/unflinching/unflinching.png,Entrega de Biscoitos,https://raw.communitydragon.org/latest/game/assets/perks/styles/inspiration/biscuitdelivery/biscuitdelivery.png,Perspicácia Cósmica,https://raw.communitydragon.org/latest/game/assets/perks/styles/inspiration/cosmicinsight/cosmicinsight.png,MagicRes,https://raw.communitydragon.org/latest/game/assets/perks/statmods/statmodsmagicresicon.magicresist_fix.png,Adaptive,https://raw.communitydragon.org/latest/game/assets/perks/statmods/statmodsadaptiveforceicon.png,AttackSpeed,https://raw.communitydragon.org/latest/game/assets/perks/statmods/statmodsattackspeedicon.png,https://raw.communitydragon.org/latest/game/assets/items/icons2d/3181_hullbreaker.png,https://raw.communitydragon.org/latest/game/assets/items/icons2d/6632_fighter_t4_divinedevourer.png,,https://raw.communitydragon.org/latest/game/assets/items/icons2d/3111_class_t2_mercurystreads.png,,,https://raw.communitydragon.org/latest/game/assets/items/icons2d/3340_class_t1_wardingtotem.png
0,0,3,0,0,0,0,8914,12,Maokai,76,0,32544,0,14538,0,1,5,1,0,False,False,False,False,0,7891,7800,0,Virtude Radiante,Sentinela de Controle,Botas Ionianas da Lucidez,Abraço Demoníaco,0,0,Lente do Oráculo,0,0,0,0,0,1513,116256,4440,4435,0,126,49,7,16156,430,16208,0,0,4,11,BLG XUN,200,21,1555,92,175638,5909,0,20858,0,12425,0,20,438,40,1,43225,1038,214,1,1,7,0,22,6,4,6,False,2677225,https://raw.communitydragon.org/latest/plugins/rcp-be-lol-game-data/global/default/v1/champion-icons/57.png,Primeiro Ataque,https://raw.communitydragon.org/latest/game/assets/perks/styles/inspiration/firststrike/firststrike.png,Calçados Mágicos,https://raw.communitydragon.org/latest/game/assets/perks/styles/inspiration/magicalfootwear/magicalfootwear.png,Mercado do Futuro,https://raw.communitydragon.org/latest/game/assets/perks/styles/inspiration/futuresmarket/futuresmarket.png,Perspicácia Cósmica,https://raw.communitydragon.org/latest/game/assets/perks/styles/inspiration/cosmicinsight/cosmicinsight.png,Golpe Desleal,https://raw.communitydragon.org/latest/game/assets/perks/styles/domination/cheapshot/cheapshot.png,Caçador de Tesouros,https://raw.communitydragon.org/latest/game/assets/perks/styles/domination/treasurehunter/treasurehunter.png,Armor,https://raw.communitydragon.org/latest/game/assets/perks/statmods/statmodsarmoricon.png,Adaptive,https://raw.communitydragon.org/latest/game/assets/perks/statmods/statmodsadaptiveforceicon.png,CDRScaling,https://raw.communitydragon.org/latest/game/assets/perks/statmods/statmodscdrscalingicon.png,https://raw.communitydragon.org/latest/game/assets/items/icons2d/6667_tank_t4_radiantvirtue.png,https://raw.communitydragon.org/latest/game/assets/items/icons2d/2055_class_t1_controlward.png,https://raw.communitydragon.org/latest/game/assets/items/icons2d/3158_class_t2_ionianbootsoflucidity.png,https://raw.communitydragon.org/latest/game/assets/items/icons2d/4637_mage_t3_demonicembrace.png,,,https://raw.communitydragon.org/latest/game/assets/items/icons2d/3364_class_t1_oracleslens.png
0,4,2,0,0,0,0,12575,14,Syndra,38,405,2644,405,4869,0,3,3,10,0,False,False,False,False,3,8751,8610,0,Cronômetro Quebrado,Sapatos do Feiticeiro,Chama Sombria,Tomo Amplificador,Angústia de Liandry,0,Alteração Vidente,0,0,0,0,0,818,103852,5475,1901,0,0,8,8,15995,563,6681,0,0,4,12,BLG Yagao,200,16,1555,0,127092,6375,0,8740,0,206,0,236,229,55,1,7244,336,157,0,0,7,0,24,3,2,13,False,2677225,https://raw.communitydragon.org/latest/plugins/rcp-be-lol-game-data/global/default/v1/champion-icons/134.png,Primeiro Ataque,https://raw.communitydragon.org/latest/game/assets/perks/styles/inspiration/firststrike/firststrike.png,Sincronia Perfeita,https://raw.communitydragon.org/latest/game/assets/perks/styles/inspiration/perfecttiming/perfecttiming.png,Entrega de Biscoitos,https://raw.communitydragon.org/latest/game/assets/perks/styles/inspiration/biscuitdelivery/biscuitdelivery.png,Perspicácia Cósmica,https://raw.communitydragon.org/latest/game/assets/perks/styles/inspiration/cosmicinsight/cosmicinsight.png,Faixa de Fluxo de Mana,https://raw.communitydragon.org/latest/game/assets/perks/styles/sorcery/manaflowband/manaflowband.png,Chamuscar,https://raw.communitydragon.org/latest/game/assets/perks/styles/sorcery/scorch/scorch.png,Armor,https://raw.communitydragon.org/latest/game/assets/perks/statmods/statmodsarmoricon.png,Adaptive,https://raw.communitydragon.org/latest/game/assets/perks/statmods/statmodsadaptiveforceicon.png,AttackSpeed,https://raw.communitydragon.org/latest/game/assets/perks/statmods/statmodsattackspeedicon.png,https://raw.communitydragon.org/latest/game/assets/items/icons2d/2424_mage_t1_brokenstopwatch.png,https://raw.communitydragon.org/latest/game/assets/items/icons2d/3020_class_t2_sorcerersshoes.png,https://raw.communitydragon.org/latest/game/assets/items/icons2d/4645_shadowflame.png,https://raw.communitydragon.org/latest/game/assets/items/icons2d/1052_mage_t2_amptome.png,https://raw.communitydragon.org/latest/game/assets/items/icons2d/6653_mage_t4_liandrysanguish.png,,https://raw.communitydragon.org/latest/game/assets/items/icons2d/3363_class_t1_farsightalteration.png
1,1,1,0,0,0,0,9646,12,Aphelios,98,0,3548,0,11141,0,3,6,28,0,False,False,False,False,7,9823,9525,0,Força do Vendaval,Sedenta por Sangue,Picareta,0,Grevas do Berserker,Abatedora,Alteração Vidente,0,2,517,0,1,824,4863,879,2223,0,9,20,9,128263,8537,5413,0,0,4,6,BLG Elk,200,9,1555,9,134570,9522,0,7666,0,2025,0,219,181,73,1,1444,106,30,0,0,7,0,37,6,12,15,False,2677225,https://raw.communitydragon.org/latest/plugins/rcp-be-lol-game-data/global/default/v1/champion-icons/523.png,Agilidade nos Pés,https://raw.communitydragon.org/latest/game/assets/perks/styles/precision/fleetfootwork/fleetfootwork.png,Cura Excessiva,https://raw.communitydragon.org/latest/game/assets/perks/styles/precision/overheal.png,Lenda: Linhagem,https://raw.communitydragon.org/latest/game/assets/perks/styles/precision/legendbloodline/legendbloodline.png,Dilacerar,https://raw.communitydragon.org/latest/game/assets/perks/styles/precision/cutdown/cutdown.png,Foco Absoluto,https://raw.communitydragon.org/latest/game/assets/perks/styles/sorcery/absolutefocus/absolutefocus.png,Tempestade Crescente,https://raw.communitydragon.org/latest/game/assets/perks/styles/sorcery/gatheringstorm/gatheringstorm.png,Armor,https://raw.communitydragon.org/latest/game/assets/perks/statmods/statmodsarmoricon.png,Adaptive,https://raw.communitydragon.org/latest/game/assets/perks/statmods/statmodsadaptiveforceicon.png,AttackSpeed,https://raw.communitydragon.org/latest/game/assets/perks/statmods/statmodsattackspeedicon.png,https://raw.communitydragon.org/latest/game/assets/items/icons2d/6671_marksman_t4_galeforce.png,https://raw.communitydragon.org/latest/game/assets/items/icons2d/3072_fighter_t3_bloodthirster.png,https://raw.communitydragon.org/latest/game/assets/items/icons2d/1037_class_t1_pickaxe.png,,https://raw.communitydragon.org/latest/game/assets/items/icons2d/3006_class_t2_berserkersgreaves.png,https://raw.communitydragon.org/latest/game/assets/items/icons2d/1083_marksman_t1_cull.png,https://raw.communitydragon.org/latest/game/assets/items/icons2d/3363_class_t1_farsightalteration.png
1,11,2,0,0,0,0,6464,10,Lulu,26,0,1515,0,5524,0,2,9,28,35,False,False,False,False,5,5656,5575,1,Hino Bélico de Shurelya,Estilhaço de Gelo Verdadeiro,Sentinela de Controle,Botas Ionianas da Lucidez,Ídolo Proibido,0,Lente do Oráculo,0,1,0,0,1,1451,9392,4230,3349,0,0,41,10,3770,918,5462,1,0,4,7,BLG ON,200,16,1555,0,13162,5149,1781,8922,0,1330,521,12,151,35,3,0,0,110,0,0,7,0,63,11,10,39,False,2677225,https://raw.communitydragon.org/latest/plugins/rcp-be-lol-game-data/global/default/v1/champion-icons/117.png,Invocar Aery,https://raw.communitydragon.org/latest/game/assets/perks/styles/sorcery/summonaery/summonaery.png,Faixa de Fluxo de Mana,https://raw.communitydragon.org/latest/game/assets/perks/styles/sorcery/manaflowband/manaflowband.png,Transcendência,https://raw.communitydragon.org/latest/game/assets/perks/styles/sorcery/transcendence/transcendence.png,Chamuscar,https://raw.communitydragon.org/latest/game/assets/perks/styles/sorcery/scorch/scorch.png,Entrega de Biscoitos,https://raw.communitydragon.org/latest/game/assets/perks/styles/inspiration/biscuitdelivery/biscuitdelivery.png,Perspicácia Cósmica,https://raw.communitydragon.org/latest/game/assets/perks/styles/inspiration/cosmicinsight/cosmicinsight.png,Armor,https://raw.communitydragon.org/latest/game/assets/perks/statmods/statmodsarmoricon.png,Adaptive,https://raw.communitydragon.org/latest/game/assets/perks/statmods/statmodsadaptiveforceicon.png,Adaptive,https://raw.communitydragon.org/latest/game/assets/perks/statmods/statmodsadaptiveforceicon.png,https://raw.communitydragon.org/latest/game/assets/items/icons2d/2065_tank_t4_shurelyasbattlesong.png,https://raw.communitydragon.org/latest/game/assets/items/icons2d/3853_mage_t3_shardoftrueice.png,https://raw.communitydragon.org/latest/game/assets/items/icons2d/2055_class_t1_controlward.png,https://raw.communitydragon.org/latest/game/assets/items/icons2d/3158_class_t2_ionianbootsoflucidity.png,https://raw.communitydragon.org/latest/game/assets/items/icons2d/3114_mage_t2_forbiddenidol.png,,https://raw.communitydragon.org/latest/game/assets/items/icons2d/3364_class_t1_oracleslens.png
0,0,2,0,0,0,3,18451,18,Gwen,11,14022,16809,14022,21924,0,3,6,1,0,False,False,False,False,0,15499,14450,0,Passos de Mercúrio,Ampulheta de Zhonya,0,Criafendas,Dente de Na'Shor,Chama Sombria,Alteração Vidente,1,3,0,3,2,702,163603,16753,4349,0,24,0,1,51468,2672,19661,0,0,6,12,BLG Bin,100,6,1872,13,281951,25999,0,24612,4,10908,0,320,121,119,1,66881,6572,601,4,7,1,0,41,6,8,15,True,2677229,https://raw.communitydragon.org/latest/plugins/rcp-be-lol-game-data/global/default/v1/champion-icons/887.png,Conquistador,https://raw.communitydragon.org/latest/game/assets/perks/styles/precision/conqueror/conqueror.png,Presença de Espírito,https://raw.communitydragon.org/latest/game/assets/perks/styles/precision/presenceofmind/presenceofmind.png,Lenda: Espontaneidade,https://raw.communitydragon.org/latest/game/assets/perks/styles/precision/legendalacrity/legendalacrity.png,Até a Morte,https://raw.communitydragon.org/latest/game/assets/perks/styles/sorcery/laststand/laststand.png,Entrega de Biscoitos,https://raw.communitydragon.org/latest/game/assets/perks/styles/inspiration/biscuitdelivery/biscuitdelivery.png,Perspicácia Cósmica,https://raw.communitydragon.org/latest/game/assets/perks/styles/inspiration/cosmicinsight/cosmicinsight.png,Armor,https://raw.communitydragon.org/latest/game/assets/perks/statmods/statmodsarmoricon.png,Adaptive,https://raw.communitydragon.org/latest/game/assets/perks/statmods/statmodsadaptiveforceicon.png,AttackSpeed,https://raw.communitydragon.org/latest/game/assets/perks/statmods/statmodsattackspeedicon.png,https://raw.communitydragon.org/latest/game/assets/items/icons2d/3111_class_t2_mercurystreads.png,https://raw.communitydragon.org/latest/game/assets/items/icons2d/3157_mage_t3_zhonyashourglass.png,,https://raw.communitydragon.org/latest/game/assets/items/icons2d/4633_mage_t4_riftmaker.png,https://raw.communitydragon.org/latest/game/assets/items/icons2d/3115_mage_t3_nashorstooth.png,https://raw.communitydragon.org/latest/game/assets/items/icons2d/4645_shadowflame.png,https://raw.communitydragon.org/latest/game/assets/items/icons2d/3363_class_t1_farsightalteration.png
0,0,11,0,1,0,3,14118,15,Maokai,127,833,45684,833,24709,0,4,8,1,0,False,False,False,False,0,11394,10325,0,Abraço Demoníaco,Sentinela de Controle,Virtude Radiante,Alternador Hextec,Botas Ionianas da Lucidez,Bastão Desnecessariamente Grande,Lente do Oráculo,1,3,0,3,2,725,148738,10320,6452,0,148,70,2,20587,589,23514,0,0,4,11,BLG XUN,100,34,1872,92,221138,13388,0,30089,12,17632,224,7,462,89,4,51811,2478,121,0,5,1,0,36,9,4,8,True,2677229,https://raw.communitydragon.org/latest/plugins/rcp-be-lol-game-data/global/default/v1/champion-icons/57.png,Primeiro Ataque,https://raw.communitydragon.org/latest/game/assets/perks/styles/inspiration/firststrike/firststrike.png,Calçados Mágicos,https://raw.communitydragon.org/latest/game/assets/perks/styles/inspiration/magicalfootwear/magicalfootwear.png,Mercado do Futuro,https://raw.communitydragon.org/latest/game/assets/perks/styles/inspiration/futuresmarket/futuresmarket.png,Perspicácia Cósmica,https://raw.communitydragon.org/latest/game/assets/perks/styles/inspiration/cosmicinsight/cosmicinsight.png,Golpe Desleal,https://raw.communitydragon.org/latest/game/assets/perks/styles/domination/cheapshot/cheapshot.png,Caçador de Tesouros,https://raw.communitydragon.org/latest/game/assets/perks/styles/domination/treasurehunter/treasurehunter.png,Armor,https://raw.communitydragon.org/latest/game/assets/perks/statmods/statmodsarmoricon.png,Adaptive,https://raw.communitydragon.org/latest/game/assets/perks/statmods/statmodsadaptiveforceicon.png,CDRScaling,https://raw.communitydragon.org/latest/game/assets/perks/statmods/statmodscdrscalingicon.png,https://raw.communitydragon.org/latest/game/assets/items/icons2d/4637_mage_t3_demonicembrace.png,https://raw.communitydragon.org/latest/game/assets/items/icons2d/2055_class_t1_controlward.png,https://raw.communitydragon.org/latest/game/assets/items/icons2d/6667_tank_t4_radiantvirtue.png,https://raw.communitydragon.org/latest/game/assets/items/icons2d/3145_mage_t2_hextechalternator.png,https://raw.communitydragon.org/latest/game/assets/items/icons2d/3158_class_t2_ionianbootsoflucidity.png,https://raw.communitydragon.org/latest/game/assets/items/icons2d/1058_mage_t1_largerod.png,https://raw.communitydragon.org/latest/game/assets/items/icons2d/3364_class_t1_oracleslens.png
1,1,7,0,0,0,0,16490,17,Jayce,37,5841,15800,5841,15674,0,2,6,3,0,False,False,False,True,9,13643,13700,0,Rancor de Serylda,0,Muramana,Passos de Mercúrio,Eclipse,Presa da Serpente,Alteração Vidente,2,5,0,3,2,1553,17120,2131,7906,0,4,10,3,138214,18899,7820,0,0,4,12,BLG Yagao,100,5,1872,0,156327,21995,0,15974,4,1725,0,224,116,49,1,991,964,247,3,8,1,0,36,6,5,19,True,2677229,https://raw.communitydragon.org/latest/plugins/rcp-be-lol-game-data/global/default/v1/champion-icons/126.png,Primeiro Ataque,https://raw.communitydragon.org/latest/game/assets/perks/styles/inspiration/firststrike/firststrike.png,Calçados Mágicos,https://raw.communitydragon.org/latest/game/assets/perks/styles/inspiration/magicalfootwear/magicalfootwear.png,Entrega de Biscoitos,https://raw.communitydragon.org/latest/game/assets/perks/styles/inspiration/biscuitdelivery/biscuitdelivery.png,Perspicácia Cósmica,https://raw.communitydragon.org/latest/game/assets/perks/styles/inspiration/cosmicinsight/cosmicinsight.png,Inabalável,https://raw.communitydragon.org/latest/game/assets/perks/styles/sorcery/unflinching/unflinching.png,Osso Revestido,https://raw.communitydragon.org/latest/game/assets/perks/styles/resolve/boneplating/boneplating.png,MagicRes,https://raw.communitydragon.org/latest/game/assets/perks/statmods/statmodsmagicresicon.magicresist_fix.png,Adaptive,https://raw.communitydragon.org/latest/game/assets/perks/statmods/statmodsadaptiveforceicon.png,AttackSpeed,https://raw.communitydragon.org/latest/game/assets/perks/statmods/statmodsattackspeedicon.png,https://raw.communitydragon.org/latest/game/assets/items/icons2d/6694_assasin_t3_seryldasgrudge.png,,https://raw.communitydragon.org/latest/game/assets/items/icons2d/3042_marksman_t3_muramana.png,https://raw.communitydragon.org/latest/game/assets/items/icons2d/3111_class_t2_mercurystreads.png,https://raw.communitydragon.org/latest/game/assets/items/icons2d/6692_assassin_t4_eclipse.png,https://raw.communitydragon.org/latest/game/assets/items/icons2d/6695_assassin_t3_serpentsfang.png,https://raw.communitydragon.org/latest/game/assets/items/icons2d/3363_class_t1_farsightalteration.png
5,10,7,0,0,0,1,16109,16,Jinx,138,8597,24326,8597,9009,0,2,2,25,0,False,False,False,False,7,14142,12325,0,Força do Vendaval,Sentinela de Controle,Último Sussurro,Grevas do Berserker,Gume do Infinito,Canhão Fumegante,Alteração Vidente,1,4,819,3,1,1551,5774,1303,3676,0,20,32,4,240088,17361,11034,0,0,4,6,BLG Elk,100,10,1872,20,249149,19106,0,14903,0,3508,0,305,150,96,1,3286,442,192,3,6,1,0,35,3,12,11,True,2677229,https://raw.communitydragon.org/latest/plugins/rcp-be-lol-game-data/global/default/v1/champion-icons/222.png,Ritmo Fatal,https://raw.communitydragon.org/latest/game/assets/perks/styles/precision/lethaltempo/lethaltempotemp.png,Presença de Espírito,https://raw.communitydragon.org/latest/game/assets/perks/styles/precision/presenceofmind/presenceofmind.png,Lenda: Linhagem,https://raw.communitydragon.org/latest/game/assets/perks/styles/precision/legendbloodline/legendbloodline.png,Dilacerar,https://raw.communitydragon.org/latest/game/assets/perks/styles/precision/cutdown/cutdown.png,Foco Absoluto,https://raw.communitydragon.org/latest/game/assets/perks/styles/sorcery/absolutefocus/absolutefocus.png,Tempestade Crescente,https://raw.communitydragon.org/latest/game/assets/perks/styles/sorcery/gatheringstorm/gatheringstorm.png,Armor,https://raw.communitydragon.org/latest/game/assets/perks/statmods/statmodsarmoricon.png,Adaptive,https://raw.communitydragon.org/latest/game/assets/perks/statmods/statmodsadaptiveforceicon.png,AttackSpeed,https://raw.communitydragon.org/latest/game/assets/perks/statmods/statmodsattackspeedicon.png,https://raw.communitydragon.org/latest/game/assets/items/icons2d/6671_marksman_t4_galeforce.png,https://raw.communitydragon.org/latest/game/assets/items/icons2d/2055_class_t1_controlward.png,https://raw.communitydragon.org/latest/game/assets/items/icons2d/3035_marksman_t2_lastwhisper.png,https://raw.communitydragon.org/latest/game/assets/items/icons2d/3006_class_t2_berserkersgreaves.png,https://raw.communitydragon.org/latest/game/assets/items/icons2d/3031_marksman_t3_infinityedge.png,https://raw.communitydragon.org/latest/game/assets/items/icons2d/3094_marksman_t3_rapidfirehandcannon.png,https://raw.communitydragon.org/latest/game/assets/items/icons2d/3363_class_t1_farsightalteration.png
1,1,14,1,0,0,1,11535,14,Rakan,33,705,10351,705,21100,0,0,14,40,39,False,False,False,False,6,8964,7800,0,Hino Bélico de Shurelya,Bastião da Montanha,0,Correntes de Anátema,Passos de Mercúrio,0,Lente do Oráculo,0,1,0,0,1,0,11232,4399,4619,0,0,25,5,5492,998,10335,0,0,4,7,BLG ON,100,15,1872,0,31051,5398,2676,15126,0,8172,2157,56,42,0,5,14326,0,171,0,4,1,0,138,14,24,85,True,2677229,https://raw.communitydragon.org/latest/plugins/rcp-be-lol-game-data/global/default/v1/champion-icons/497.png,Guardião,https://raw.communitydragon.org/latest/game/assets/perks/styles/resolve/guardian/guardian.png,Fonte da Vida,https://raw.communitydragon.org/latest/game/assets/perks/styles/resolve/fontoflife/fontoflife.png,Ventos Revigorantes,https://raw.communitydragon.org/latest/game/assets/perks/styles/resolve/secondwind/secondwind.png,Inabalável,https://raw.communitydragon.org/latest/game/assets/perks/styles/sorcery/unflinching/unflinching.png,Sentinela Zumbi,https://raw.communitydragon.org/latest/game/assets/perks/styles/domination/zombieward/zombieward.png,Caça Ardilosa,https://raw.communitydragon.org/latest/game/assets/perks/styles/domination/ingenioushunter/ingenioushunter.png,Armor,https://raw.communitydragon.org/latest/game/assets/perks/statmods/statmodsarmoricon.png,MagicRes,https://raw.communitydragon.org/latest/game/assets/perks/statmods/statmodsmagicresicon.magicresist_fix.png,CDRScaling,https://raw.communitydragon.org/latest/game/assets/perks/statmods/statmodscdrscalingicon.png,https://raw.communitydragon.org/latest/game/assets/items/icons2d/2065_tank_t4_shurelyasbattlesong.png,https://raw.communitydragon.org/latest/game/assets/items/icons2d/3860_tank_t3_bulwarkofthemountain.png,,https://raw.communitydragon.org/latest/game/assets/items/icons2d/8001_tank_t3_anathemaschains.png,https://raw.communitydragon.org/latest/game/assets/items/icons2d/3111_class_t2_mercurystreads.png,,https://raw.communitydragon.org/latest/game/assets/items/icons2d/3364_class_t1_oracleslens.png
0,5,5,0,0,0,1,15451,16,Sion,24,2213,4377,2213,70525,0,3,6,3,4,True,False,False,False,0,10339,10375,0,Placa Gargolítica,Cinto do Gigante,Sentinela de Controle,Virtude Radiante,Passos de Mercúrio,Colete Espinhoso,Alteração Vidente,0,2,4,0,1,1588,40002,4077,12194,0,4,19,6,100479,6993,17046,0,0,4,12,JDG 369,200,23,1872,0,152166,11181,0,35191,4,7214,1638,224,793,64,5,11684,109,5950,0,0,10,0,29,7,4,17,False,2677229,https://raw.communitydragon.org/latest/plugins/rcp-be-lol-game-data/global/default/v1/champion-icons/14.png,Aperto dos Mortos-Vivos,https://raw.communitydragon.org/latest/game/assets/perks/styles/resolve/graspoftheundying/graspoftheundying.png,Demolir,https://raw.communitydragon.org/latest/game/assets/perks/styles/resolve/demolish/demolish.png,Ventos Revigorantes,https://raw.communitydragon.org/latest/game/assets/perks/styles/resolve/secondwind/secondwind.png,Crescimento Excessivo,https://raw.communitydragon.org/latest/game/assets/perks/styles/resolve/overgrowth/overgrowth.png,Perspicácia Cósmica,https://raw.communitydragon.org/latest/game/assets/perks/styles/inspiration/cosmicinsight/cosmicinsight.png,Entrega de Biscoitos,https://raw.communitydragon.org/latest/game/assets/perks/styles/inspiration/biscuitdelivery/biscuitdelivery.png,MagicRes,https://raw.communitydragon.org/latest/game/assets/perks/statmods/statmodsmagicresicon.magicresist_fix.png,MagicRes,https://raw.communitydragon.org/latest/game/assets/perks/statmods/statmodsmagicresicon.magicresist_fix.png,AttackSpeed,https://raw.communitydragon.org/latest/game/assets/perks/statmods/statmodsattackspeedicon.png,https://raw.communitydragon.org/latest/game/assets/items/icons2d/3193_tank_t3_gargoylestoneplate.png,https://raw.communitydragon.org/latest/game/assets/items/icons2d/1011_class_t2_giantsbelt.png,https://raw.communitydragon.org/latest/game/assets/items/icons2d/2055_class_t1_controlward.png,https://raw.communitydragon.org/latest/game/assets/items/icons2d/6667_tank_t4_radiantvirtue.png,https://raw.communitydragon.org/latest/game/assets/items/icons2d/3111_class_t2_mercurystreads.png,https://raw.communitydragon.org/latest/game/assets/items/icons2d/3076_tank_t2_bramblevest.png,https://raw.communitydragon.org/latest/game/assets/items/icons2d/3363_class_t1_farsightalteration.png
0,19,4,0,0,0,0,15227,16,MonkeyKing,51,180,21275,180,25239,0,1,7,6,10,False,True,False,False,19,11767,11125,1,Ruptor Divino,Cutelo Negro,Mandíbula de Malmortius,Passos de Mercúrio,0,0,Lente do Oráculo,1,3,0,3,1,1842,20900,1030,9905,0,194,44,7,145693,9007,17744,0,0,4,11,JDG Kanavi,200,10,1872,132,233029,10446,0,29451,19,16243,0,44,147,0,1,66435,409,1801,0,0,10,0,75,7,29,9,False,2677229,https://raw.communitydragon.org/latest/plugins/rcp-be-lol-game-data/global/default/v1/champion-icons/62.png,Conquistador,https://raw.communitydragon.org/latest/game/assets/perks/styles/precision/conqueror/conqueror.png,Triunfo,https://raw.communitydragon.org/latest/game/assets/perks/styles/precision/triumph.png,Lenda: Espontaneidade,https://raw.communitydragon.org/latest/game/assets/perks/styles/precision/legendalacrity/legendalacrity.png,Golpe de Misericórdia,https://raw.communitydragon.org/latest/game/assets/perks/styles/precision/coupdegrace/coupdegrace.png,Calçados Mágicos,https://raw.communitydragon.org/latest/game/assets/perks/styles/inspiration/magicalfootwear/magicalfootwear.png,Perspicácia Cósmica,https://raw.communitydragon.org/latest/game/assets/perks/styles/inspiration/cosmicinsight/cosmicinsight.png,Armor,https://raw.communitydragon.org/latest/game/assets/perks/statmods/statmodsarmoricon.png,Adaptive,https://raw.communitydragon.org/latest/game/assets/perks/statmods/statmodsadaptiveforceicon.png,AttackSpeed,https://raw.communitydragon.org/latest/game/assets/perks/statmods/statmodsattackspeedicon.png,https://raw.communitydragon.org/latest/game/assets/items/icons2d/6632_fighter_t4_divinedevourer.png,https://raw.communitydragon.org/latest/game/assets/items/icons2d/3071_fighter_t3_blackcleaver.png,https://raw.communitydragon.org/latest/game/assets/items/icons2d/3156_fighter_t3_mawofmalmortius.png,https://raw.communitydragon.org/latest/game/assets/items/icons2d/3111_class_t2_mercurystreads.png,,,https://raw.communitydragon.org/latest/game/assets/items/icons2d/3364_class_t1_oracleslens.png
0,3,2,0,0,0,0,14052,15,Annie,45,1004,1004,1004,13108,0,6,4,20,0,False,False,False,False,0,10750,10875,0,Sentinela de Controle,Cetro de Cristal de Rylai,Ampulheta de Zhonya,Tormenta de Luden,0,Sapatos do Feiticeiro,Lente do Oráculo,0,2,0,0,1,859,94267,12319,5869,0,0,36,8,17810,1279,8777,0,0,4,12,JDG knight,200,18,1872,0,112635,14155,1309,15443,0,258,0,236,330,214,1,556,556,796,0,0,10,0,27,5,11,6,False,2677229,https://raw.communitydragon.org/latest/plugins/rcp-be-lol-game-data/global/default/v1/champion-icons/1.png,Primeiro Ataque,https://raw.communitydragon.org/latest/game/assets/perks/styles/inspiration/firststrike/firststrike.png,Sincronia Perfeita,https://raw.communitydragon.org/latest/game/assets/perks/styles/inspiration/perfecttiming/perfecttiming.png,Entrega de Biscoitos,https://raw.communitydragon.org/latest/game/assets/perks/styles/inspiration/biscuitdelivery/biscuitdelivery.png,Perspicácia Cósmica,https://raw.communitydragon.org/latest/game/assets/perks/styles/inspiration/cosmicinsight/cosmicinsight.png,Faixa de Fluxo de Mana,https://raw.communitydragon.org/latest/game/assets/perks/styles/sorcery/manaflowband/manaflowband.png,Foco Absoluto,https://raw.communitydragon.org/latest/game/assets/perks/styles/sorcery/absolutefocus/absolutefocus.png,Armor,https://raw.communitydragon.org/latest/game/assets/perks/statmods/statmodsarmoricon.png,Adaptive,https://raw.communitydragon.org/latest/game/assets/perks/statmods/statmodsadaptiveforceicon.png,AttackSpeed,https://raw.communitydragon.org/latest/game/assets/perks/statmods/statmodsattackspeedicon.png,https://raw.communitydragon.org/latest/game/assets/items/icons2d/2055_class_t1_controlward.png,https://raw.communitydragon.org/latest/game/assets/items/icons2d/3116_mage_t3_rylajscrystalscepter.png,https://raw.communitydragon.org/latest/game/assets/items/icons2d/3157_mage_t3_zhonyashourglass.png,https://raw.communitydragon.org/latest/game/assets/items/icons2d/6655_mage_t4_ludenstempest.png,,https://raw.communitydragon.org/latest/game/assets/items/icons2d/3020_class_t2_sorcerersshoes.png,https://raw.communitydragon.org/latest/game/assets/items/icons2d/3364_class_t1_oracleslens.png
0,5,2,0,0,0,0,13710,15,Xayah,24,2056,7032,2056,11263,0,3,6,6,17,False,False,False,False,0,14067,13700,0,Força do Vendaval,Adagas Rápidas Navori,Canhão Fumegante,Espada G. p. C.,Grevas do Berserker,Cetro Vampírico,Alteração Vidente,1,4,501,4,2,1552,4701,1035,5613,0,20,14,9,205490,16587,11635,1,0,4,6,JDG Ruler,200,12,1872,19,213791,17972,0,18210,0,3200,0,316,67,96,1,3600,350,961,1,1,10,1,55,6,18,16,False,2677229,https://raw.communitydragon.org/latest/plugins/rcp-be-lol-game-data/global/default/v1/champion-icons/498.png,Ritmo Fatal,https://raw.communitydragon.org/latest/game/assets/perks/styles/precision/lethaltempo/lethaltempotemp.png,Presença de Espírito,https://raw.communitydragon.org/latest/game/assets/perks/styles/precision/presenceofmind/presenceofmind.png,Lenda: Linhagem,https://raw.communitydragon.org/latest/game/assets/perks/styles/precision/legendbloodline/legendbloodline.png,Dilacerar,https://raw.communitydragon.org/latest/game/assets/perks/styles/precision/cutdown/cutdown.png,Entrega de Biscoitos,https://raw.communitydragon.org/latest/game/assets/perks/styles/inspiration/biscuitdelivery/biscuitdelivery.png,Perspicácia Cósmica,https://raw.communitydragon.org/latest/game/assets/perks/styles/inspiration/cosmicinsight/cosmicinsight.png,Armor,https://raw.communitydragon.org/latest/game/assets/perks/statmods/statmodsarmoricon.png,Adaptive,https://raw.communitydragon.org/latest/game/assets/perks/statmods/statmodsadaptiveforceicon.png,AttackSpeed,https://raw.communitydragon.org/latest/game/assets/perks/statmods/statmodsattackspeedicon.png,https://raw.communitydragon.org/latest/game/assets/items/icons2d/6671_marksman_t4_galeforce.png,https://raw.communitydragon.org/latest/game/assets/items/icons2d/6675_marksman_t3_navoriquickblades.png,https://raw.communitydragon.org/latest/game/assets/items/icons2d/3094_marksman_t3_rapidfirehandcannon.png,https://raw.communitydragon.org/latest/game/assets/items/icons2d/1038_marksman_t1_bfsword.png,https://raw.communitydragon.org/latest/game/assets/items/icons2d/3006_class_t2_berserkersgreaves.png,https://raw.communitydragon.org/latest/game/assets/items/icons2d/1053_fighter_t2_vampiricscepter.png,https://raw.communitydragon.org/latest/game/assets/items/icons2d/3363_class_t1_farsightalteration.png
0,0,9,0,0,0,0,10008,13,Lulu,22,259,2913,259,8477,0,3,15,24,19,True,False,False,False,0,7035,6450,0,Sentinela de Controle,Estilhaço de Gelo Verdadeiro,Hino Bélico de Shurelya,Botas Ionianas da Lucidez,Amuleto da Fada,Capa Negatron,Lente do Oráculo,0,0,0,0,0,1518,9857,4821,4458,3,0,8,10,3846,1489,6409,0,0,7,4,JDG MISSING,200,20,1872,0,15128,6310,4855,11906,0,2342,764,17,165,47,3,1425,0,1038,0,1,10,2,86,16,15,51,False,2677229,https://raw.communitydragon.org/latest/plugins/rcp-be-lol-game-data/global/default/v1/champion-icons/117.png,Invocar Aery,https://raw.communitydragon.org/latest/game/assets/perks/styles/sorcery/summonaery/summonaery.png,Faixa de Fluxo de Mana,https://raw.communitydragon.org/latest/game/assets/perks/styles/sorcery/manaflowband/manaflowband.png,Transcendência,https://raw.communitydragon.org/latest/game/assets/perks/styles/sorcery/transcendence/transcendence.png,Chamuscar,https://raw.communitydragon.org/latest/game/assets/perks/styles/sorcery/scorch/scorch.png,Entrega de Biscoitos,https://raw.communitydragon.org/latest/game/assets/perks/styles/inspiration/biscuitdelivery/biscuitdelivery.png,Perspicácia Cósmica,https://raw.communitydragon.org/latest/game/assets/perks/styles/inspiration/cosmicinsight/cosmicinsight.png,Armor,https://raw.communitydragon.org/latest/game/assets/perks/statmods/statmodsarmoricon.png,Adaptive,https://raw.communitydragon.org/latest/game/assets/perks/statmods/statmodsadaptiveforceicon.png,AttackSpeed,https://raw.communitydragon.org/latest/game/assets/perks/statmods/statmodsattackspeedicon.png,https://raw.communitydragon.org/latest/game/assets/items/icons2d/2055_class_t1_controlward.png,https://raw.communitydragon.org/latest/game/assets/items/icons2d/3853_mage_t3_shardoftrueice.png,https://raw.communitydragon.org/latest/game/assets/items/icons2d/2065_tank_t4_shurelyasbattlesong.png,https://raw.communitydragon.org/latest/game/assets/items/icons2d/3158_class_t2_ionianbootsoflucidity.png,https://raw.communitydragon.org/latest/game/assets/items/icons2d/1004_class_t1_faeriecharm.png,https://raw.communitydragon.org/latest/game/assets/items/icons2d/1057_tank_t2_negatroncloak.png,https://raw.communitydragon.org/latest/game/assets/items/icons2d/3364_class_t1_oracleslens.png
0,2,3,0,0,0,0,13942,15,Sion,18,1427,1590,1427,24435,0,0,3,8,2,False,False,False,False,0,8767,8675,0,0,Presságio de Randuin,Virtude Radiante,Passos de Mercúrio,Gema Ardente,0,Sentinela Invisível,0,0,0,0,0,0,24624,1271,7572,0,0,15,1,73412,1802,7174,1,0,4,12,JDG 369,100,13,1432,0,104216,3363,0,15910,0,4715,1322,186,617,0,5,6180,290,1164,0,4,0,1,22,3,1,12,True,2677230,https://raw.communitydragon.org/latest/plugins/rcp-be-lol-game-data/global/default/v1/champion-icons/14.png,Livro de Feitiços Deslacrado,https://raw.communitydragon.org/latest/game/assets/perks/styles/inspiration/unsealedspellbook/unsealedspellbook.png,Calçados Mágicos,https://raw.communitydragon.org/latest/game/assets/perks/styles/inspiration/magicalfootwear/magicalfootwear.png,Entrega de Biscoitos,https://raw.communitydragon.org/latest/game/assets/perks/styles/inspiration/biscuitdelivery/biscuitdelivery.png,Perspicácia Cósmica,https://raw.communitydragon.org/latest/game/assets/perks/styles/inspiration/cosmicinsight/cosmicinsight.png,Ventos Revigorantes,https://raw.communitydragon.org/latest/game/assets/perks/styles/resolve/secondwind/secondwind.png,Crescimento Excessivo,https://raw.communitydragon.org/latest/game/assets/perks/styles/resolve/overgrowth/overgrowth.png,Armor,https://raw.communitydragon.org/latest/game/assets/perks/statmods/statmodsarmoricon.png,MagicRes,https://raw.communitydragon.org/latest/game/assets/perks/statmods/statmodsmagicresicon.magicresist_fix.png,AttackSpeed,https://raw.communitydragon.org/latest/game/assets/perks/statmods/statmodsattackspeedicon.png,,https://raw.communitydragon.org/latest/game/assets/items/icons2d/3143_tank_t3_randuinsomen.png,https://raw.communitydragon.org/latest/game/assets/items/icons2d/6667_tank_t4_radiantvirtue.png,https://raw.communitydragon.org/latest/game/assets/items/icons2d/3111_class_t2_mercurystreads.png,https://raw.communitydragon.org/latest/game/assets/items/icons2d/3067_tank_t1_kindlegem.png,,https://raw.communitydragon.org/latest/game/assets/items/icons2d/3340_class_t1_wardingtotem.png
0,5,6,0,1,0,1,11132,13,Sejuani,52,611,46540,611,26873,0,0,6,4,4,True,False,False,False,22,9449,8300,1,Proteção Imutável,Égide de Fogo Solar,0,Botas Ionianas da Lucidez,Cristal de Rubi,Gema Ardente,Lente do Oráculo,0,1,0,0,1,0,45860,3145,5590,0,144,32,2,81083,3187,14447,0,0,4,11,JDG Kanavi,100,12,1432,82,175973,6506,0,21453,20,13220,205,20,348,0,3,49029,172,1416,1,3,0,0,37,6,10,8,True,2677230,https://raw.communitydragon.org/latest/plugins/rcp-be-lol-game-data/global/default/v1/champion-icons/113.png,Pós-choque,https://raw.communitydragon.org/latest/game/assets/perks/styles/resolve/veteranaftershock/veteranaftershock.png,Fonte da Vida,https://raw.communitydragon.org/latest/game/assets/perks/styles/resolve/fontoflife/fontoflife.png,Condicionamento,https://raw.communitydragon.org/latest/game/assets/perks/styles/resolve/conditioning/conditioning.png,Crescimento Excessivo,https://raw.communitydragon.org/latest/game/assets/perks/styles/resolve/overgrowth/overgrowth.png,Triunfo,https://raw.communitydragon.org/latest/game/assets/perks/styles/precision/triumph.png,Lenda: Tenacidade,https://raw.communitydragon.org/latest/game/assets/perks/styles/precision/legendtenacity/legendtenacity.png,HealthScaling,https://raw.communitydragon.org/latest/game/assets/perks/statmods/statmodshealthscalingicon.png,Armor,https://raw.communitydragon.org/latest/game/assets/perks/statmods/statmodsarmoricon.png,AttackSpeed,https://raw.communitydragon.org/latest/game/assets/perks/statmods/statmodsattackspeedicon.png,https://raw.communitydragon.org/latest/game/assets/items/icons2d/3001_support_lunari.png,https://raw.communitydragon.org/latest/game/assets/items/icons2d/3068_tank_t4_sunfireaegis.png,,https://raw.communitydragon.org/latest/game/assets/items/icons2d/3158_class_t2_ionianbootsoflucidity.png,https://raw.communitydragon.org/latest/game/assets/items/icons2d/1028_base_t1_rubycrystal.png,https://raw.communitydragon.org/latest/game/assets/items/icons2d/3067_tank_t1_kindlegem.png,https://raw.communitydragon.org/latest/game/assets/items/icons2d/3364_class_t1_oracleslens.png
0,3,3,0,0,0,7,14672,15,Jayce,38,9829,17617,9829,7236,0,0,6,22,0,False,False,False,False,0,13084,11250,0,0,Muramana,Lâmina Fantasma de Youmuu,Eclipse,Espada Longa,Passos de Mercúrio,Lente do Oráculo,1,7,0,7,2,1428,10434,1903,3622,0,15,33,3,147954,13258,4986,0,0,4,12,JDG knight,100,4,1432,9,159639,15802,0,8857,0,324,0,228,102,0,1,1250,640,248,2,6,0,0,25,6,5,8,True,2677230,https://raw.communitydragon.org/latest/plugins/rcp-be-lol-game-data/global/default/v1/champion-icons/126.png,Primeiro Ataque,https://raw.communitydragon.org/latest/game/assets/perks/styles/inspiration/firststrike/firststrike.png,Calçados Mágicos,https://raw.communitydragon.org/latest/game/assets/perks/styles/inspiration/magicalfootwear/magicalfootwear.png,Entrega de Biscoitos,https://raw.communitydragon.org/latest/game/assets/perks/styles/inspiration/biscuitdelivery/biscuitdelivery.png,Perspicácia Cósmica,https://raw.communitydragon.org/latest/game/assets/perks/styles/inspiration/cosmicinsight/cosmicinsight.png,Ventos Revigorantes,https://raw.communitydragon.org/latest/game/assets/perks/styles/resolve/secondwind/secondwind.png,Crescimento Excessivo,https://raw.communitydragon.org/latest/game/assets/perks/styles/resolve/overgrowth/overgrowth.png,MagicRes,https://raw.communitydragon.org/latest/game/assets/perks/statmods/statmodsmagicresicon.magicresist_fix.png,Adaptive,https://raw.communitydragon.org/latest/game/assets/perks/statmods/statmodsadaptiveforceicon.png,Adaptive,https://raw.communitydragon.org/latest/game/assets/perks/statmods/statmodsadaptiveforceicon.png,,https://raw.communitydragon.org/latest/game/assets/items/icons2d/3042_marksman_t3_muramana.png,https://raw.communitydragon.org/latest/game/assets/items/icons2d/3142_assassin_t3_youmuusghostblade.png,https://raw.communitydragon.org/latest/game/assets/items/icons2d/6692_assassin_t4_eclipse.png,https://raw.communitydragon.org/latest/game/assets/items/icons2d/1036_class_t1_longsword.png,https://raw.communitydragon.org/latest/game/assets/items/icons2d/3111_class_t2_mercurystreads.png,https://raw.communitydragon.org/latest/game/assets/items/icons2d/3364_class_t1_oracleslens.png
0,2,3,0,0,0,4,12026,14,Zeri,20,8896,19172,8896,7226,0,0,6,7,7,False,True,False,False,0,13024,10850,0,Cronômetro,Arco-escudo Imortal,Adagas Rápidas Navori,Zelo,Grevas do Berserker,Abatedora,Alteração Vidente,1,4,594,4,2,0,20572,3111,3456,0,8,16,4,115232,7652,3472,0,0,4,1,JDG Ruler,100,3,1432,8,142759,10867,0,7050,0,1664,0,240,101,0,1,6954,104,120,5,7,0,0,51,6,16,13,True,2677230,https://raw.communitydragon.org/latest/plugins/rcp-be-lol-game-data/global/default/v1/champion-icons/221.png,Ritmo Fatal,https://raw.communitydragon.org/latest/game/assets/perks/styles/precision/lethaltempo/lethaltempotemp.png,Cura Excessiva,https://raw.communitydragon.org/latest/game/assets/perks/styles/precision/overheal.png,Lenda: Espontaneidade,https://raw.communitydragon.org/latest/game/assets/perks/styles/precision/legendalacrity/legendalacrity.png,Até a Morte,https://raw.communitydragon.org/latest/game/assets/perks/styles/sorcery/laststand/laststand.png,Foco Absoluto,https://raw.communitydragon.org/latest/game/assets/perks/styles/sorcery/absolutefocus/absolutefocus.png,Tempestade Crescente,https://raw.communitydragon.org/latest/game/assets/perks/styles/sorcery/gatheringstorm/gatheringstorm.png,Armor,https://raw.communitydragon.org/latest/game/assets/perks/statmods/statmodsarmoricon.png,Adaptive,https://raw.communitydragon.org/latest/game/assets/perks/statmods/statmodsadaptiveforceicon.png,AttackSpeed,https://raw.communitydragon.org/latest/game/assets/perks/statmods/statmodsattackspeedicon.png,https://raw.communitydragon.org/latest/game/assets/items/icons2d/2419_mage_t1_stopwatch.png,https://raw.communitydragon.org/latest/game/assets/items/icons2d/6673_marksman_t4_crimsonshieldbow.png,https://raw.communitydragon.org/latest/game/assets/items/icons2d/6675_marksman_t3_navoriquickblades.png,https://raw.communitydragon.org/latest/game/assets/items/icons2d/3086_fighter_t2_zeal.png,https://raw.communitydragon.org/latest/game/assets/items/icons2d/3006_class_t2_berserkersgreaves.png,https://raw.communitydragon.org/latest/game/assets/items/icons2d/1083_marksman_t1_cull.png,https://raw.communitydragon.org/latest/game/assets/items/icons2d/3363_class_t1_farsightalteration.png
0,0,8,1,0,0,0,7614,11,Rakan,16,168,1202,168,8874,0,3,10,25,19,True,False,False,False,0,6454,5300,0,0,Bastião da Montanha,Hino Bélico de Shurelya,Poção com Refil,Botas Ionianas da Lucidez,Cristal de Rubi,Lente do Oráculo,0,0,0,0,0,534,5873,1822,3274,0,0,11,5,4432,173,5899,0,0,3,4,JDG MISSING,100,12,1432,0,16530,1996,1131,9683,0,2833,1718,33,63,53,4,6224,0,509,1,4,0,0,56,10,4,31,True,2677230,https://raw.communitydragon.org/latest/plugins/rcp-be-lol-game-data/global/default/v1/champion-icons/497.png,Aprimoramento Glacial,https://raw.communitydragon.org/latest/game/assets/perks/styles/inspiration/glacialaugment/glacialaugment.png,Flashtração Hextec,https://raw.communitydragon.org/latest/game/assets/perks/styles/inspiration/hextechflashtraption/hextechflashtraption.png,Pulverizador de Tropas,https://raw.communitydragon.org/latest/game/assets/perks/styles/inspiration/miniondematerializer/miniondematerializer.png,Perspicácia Cósmica,https://raw.communitydragon.org/latest/game/assets/perks/styles/inspiration/cosmicinsight/cosmicinsight.png,Osso Revestido,https://raw.communitydragon.org/latest/game/assets/perks/styles/resolve/boneplating/boneplating.png,Inabalável,https://raw.communitydragon.org/latest/game/assets/perks/styles/sorcery/unflinching/unflinching.png,Armor,https://raw.communitydragon.org/latest/game/assets/perks/statmods/statmodsarmoricon.png,Adaptive,https://raw.communitydragon.org/latest/game/assets/perks/statmods/statmodsadaptiveforceicon.png,CDRScaling,https://raw.communitydragon.org/latest/game/assets/perks/statmods/statmodscdrscalingicon.png,,https://raw.communitydragon.org/latest/game/assets/items/icons2d/3860_tank_t3_bulwarkofthemountain.png,https://raw.communitydragon.org/latest/game/assets/items/icons2d/2065_tank_t4_shurelyasbattlesong.png,https://raw.communitydragon.org/latest/game/assets/items/icons2d/2031_class_t1_refillablepotion.png,https://raw.communitydragon.org/latest/game/assets/items/icons2d/3158_class_t2_ionianbootsoflucidity.png,https://raw.communitydragon.org/latest/game/assets/items/icons2d/1028_base_t1_rubycrystal.png,https://raw.communitydragon.org/latest/game/assets/items/icons2d/3364_class_t1_oracleslens.png
0,0,0,0,0,0,0,11284,13,Kennen,7,1157,1157,1157,7578,0,3,2,0,1,False,False,False,False,0,8268,7960,0,Cajado do Vazio,Explocinturão Hextec,0,Sapatos do Feiticeiro,0,0,Lente do Oráculo,0,0,0,0,0,1175,72257,8492,3375,0,0,0,6,22184,2131,8283,0,0,4,12,BLG Bin,200,13,1432,0,96826,10623,0,12065,0,1189,0,205,51,83,1,2385,0,407,0,0,10,0,22,2,4,9,False,2677230,https://raw.communitydragon.org/latest/plugins/rcp-be-lol-game-data/global/default/v1/champion-icons/85.png,Conquistador,https://raw.communitydragon.org/latest/game/assets/perks/styles/precision/conqueror/conqueror.png,Presença de Espírito,https://raw.communitydragon.org/latest/game/assets/perks/styles/precision/presenceofmind/presenceofmind.png,Lenda: Espontaneidade,https://raw.communitydragon.org/latest/game/assets/perks/styles/precision/legendalacrity/legendalacrity.png,Dilacerar,https://raw.communitydragon.org/latest/game/assets/perks/styles/precision/cutdown/cutdown.png,Gosto de Sangue,https://raw.communitydragon.org/latest/game/assets/perks/styles/domination/tasteofblood/greenterror_tasteofblood.png,Caça Suprema,https://raw.communitydragon.org/latest/game/assets/perks/styles/domination/ultimatehunter/ultimatehunter.png,Armor,https://raw.communitydragon.org/latest/game/assets/perks/statmods/statmodsarmoricon.png,Adaptive,https://raw.communitydragon.org/latest/game/assets/perks/statmods/statmodsadaptiveforceicon.png,AttackSpeed,https://raw.communitydragon.org/latest/game/assets/perks/statmods/statmodsattackspeedicon.png,https://raw.communitydragon.org/latest/game/assets/items/icons2d/3135_mage_t3_voidstaff.png,https://raw.communitydragon.org/latest/game/assets/items/icons2d/3152_mage_t4_hextechrocketbelt.png,,https://raw.communitydragon.org/latest/game/assets/items/icons2d/3020_class_t2_sorcerersshoes.png,,,https://raw.communitydragon.org/latest/game/assets/items/icons2d/3364_class_t1_oracleslens.png
0,0,1,0,0,0,0,8527,11,Khazix,38,1183,13262,1183,12037,0,3,5,5,1,False,False,False,False,0,7406,7250,0,Glaive Sombria,Limiar da Noite,Sentinela de Controle,Punhal Serrilhado,Botas Levemente Mágicas,0,Lente do Oráculo,0,1,0,0,1,603,410,351,3079,0,122,51,7,118794,5808,17013,0,0,4,11,BLG XUN,200,5,1432,96,157960,6626,0,20387,6,11145,0,17,146,89,1,38755,466,294,0,0,10,0,43,6,7,14,False,2677230,https://raw.communitydragon.org/latest/plugins/rcp-be-lol-game-data/global/default/v1/champion-icons/121.png,Primeiro Ataque,https://raw.communitydragon.org/latest/game/assets/perks/styles/inspiration/firststrike/firststrike.png,Calçados Mágicos,https://raw.communitydragon.org/latest/game/assets/perks/styles/inspiration/magicalfootwear/magicalfootwear.png,Mercado do Futuro,https://raw.communitydragon.org/latest/game/assets/perks/styles/inspiration/futuresmarket/futuresmarket.png,Perspicácia Cósmica,https://raw.communitydragon.org/latest/game/assets/perks/styles/inspiration/cosmicinsight/cosmicinsight.png,Caçador de Tesouros,https://raw.communitydragon.org/latest/game/assets/perks/styles/domination/treasurehunter/treasurehunter.png,Sentinela Zumbi,https://raw.communitydragon.org/latest/game/assets/perks/styles/domination/zombieward/zombieward.png,Armor,https://raw.communitydragon.org/latest/game/assets/perks/statmods/statmodsarmoricon.png,Adaptive,https://raw.communitydragon.org/latest/game/assets/perks/statmods/statmodsadaptiveforceicon.png,Adaptive,https://raw.communitydragon.org/latest/game/assets/perks/statmods/statmodsadaptiveforceicon.png,https://raw.communitydragon.org/latest/game/assets/items/icons2d/3179_assassin_t3_umbralglaive.png,https://raw.communitydragon.org/latest/game/assets/items/icons2d/3814_assassin_t3_edgeofnight.png,https://raw.communitydragon.org/latest/game/assets/items/icons2d/2055_class_t1_controlward.png,https://raw.communitydragon.org/latest/game/assets/items/icons2d/3134_assassin_t2_serrateddirk.png,https://raw.communitydragon.org/latest/game/assets/items/icons2d/2422_class_t1_slightlymagicalboots.png,,https://raw.communitydragon.org/latest/game/assets/items/icons2d/3364_class_t1_oracleslens.png
0,3,1,0,0,0,0,10957,13,Annie,26,1372,1372,1372,5769,0,3,4,6,0,False,False,False,False,1,8117,7735,0,Cronômetro Quebrado,Tomo Amplificador,Cetro de Cristal de Rylai,Botas Ionianas da Lucidez,Coroa da Rainha Despedaçada,Anel de Doran,Alteração Vidente,0,1,0,0,1,786,77500,7951,1996,0,0,1,8,15022,656,7243,0,0,4,12,BLG Yagao,200,23,1432,0,92901,8986,1091,9486,0,3,0,199,348,71,1,378,378,245,0,0,10,0,23,4,3,13,False,2677230,https://raw.communitydragon.org/latest/plugins/rcp-be-lol-game-data/global/default/v1/champion-icons/1.png,Primeiro Ataque,https://raw.communitydragon.org/latest/game/assets/perks/styles/inspiration/firststrike/firststrike.png,Sincronia Perfeita,https://raw.communitydragon.org/latest/game/assets/perks/styles/inspiration/perfecttiming/perfecttiming.png,Entrega de Biscoitos,https://raw.communitydragon.org/latest/game/assets/perks/styles/inspiration/biscuitdelivery/biscuitdelivery.png,Perspicácia Cósmica,https://raw.communitydragon.org/latest/game/assets/perks/styles/inspiration/cosmicinsight/cosmicinsight.png,Foco Absoluto,https://raw.communitydragon.org/latest/game/assets/perks/styles/sorcery/absolutefocus/absolutefocus.png,Faixa de Fluxo de Mana,https://raw.communitydragon.org/latest/game/assets/perks/styles/sorcery/manaflowband/manaflowband.png,Armor,https://raw.communitydragon.org/latest/game/assets/perks/statmods/statmodsarmoricon.png,Adaptive,https://raw.communitydragon.org/latest/game/assets/perks/statmods/statmodsadaptiveforceicon.png,AttackSpeed,https://raw.communitydragon.org/latest/game/assets/perks/statmods/statmodsattackspeedicon.png,https://raw.communitydragon.org/latest/game/assets/items/icons2d/2424_mage_t1_brokenstopwatch.png,https://raw.communitydragon.org/latest/game/assets/items/icons2d/1052_mage_t2_amptome.png,https://raw.communitydragon.org/latest/game/assets/items/icons2d/3116_mage_t3_rylajscrystalscepter.png,https://raw.communitydragon.org/latest/game/assets/items/icons2d/3158_class_t2_ionianbootsoflucidity.png,https://raw.communitydragon.org/latest/game/assets/items/icons2d/4644_crown.png,https://raw.communitydragon.org/latest/game/assets/items/icons2d/1056_mage_t1_doransring.png,https://raw.communitydragon.org/latest/game/assets/items/icons2d/3363_class_t1_farsightalteration.png
0,1,1,0,0,0,0,9308,12,Vayne,75,0,1557,0,7946,0,1,2,29,0,False,False,False,False,7,8153,8150,0,Espada Longa,0,0,Arco-escudo Imortal,Grevas do Berserker,Lâmina da Fúria de Guinsoo,Alteração Vidente,0,0,273,0,0,385,2749,503,2331,0,4,22,9,72711,6875,7548,0,0,4,1,BLG Elk,200,6,1432,4,83684,9992,0,10005,0,2030,0,204,30,14,1,8223,2613,124,0,0,10,0,17,2,3,10,False,2677230,https://raw.communitydragon.org/latest/plugins/rcp-be-lol-game-data/global/default/v1/champion-icons/67.png,Ritmo Fatal,https://raw.communitydragon.org/latest/game/assets/perks/styles/precision/lethaltempo/lethaltempotemp.png,Cura Excessiva,https://raw.communitydragon.org/latest/game/assets/perks/styles/precision/overheal.png,Lenda: Espontaneidade,https://raw.communitydragon.org/latest/game/assets/perks/styles/precision/legendalacrity/legendalacrity.png,Dilacerar,https://raw.communitydragon.org/latest/game/assets/perks/styles/precision/cutdown/cutdown.png,Foco Absoluto,https://raw.communitydragon.org/latest/game/assets/perks/styles/sorcery/absolutefocus/absolutefocus.png,Tempestade Crescente,https://raw.communitydragon.org/latest/game/assets/perks/styles/sorcery/gatheringstorm/gatheringstorm.png,Armor,https://raw.communitydragon.org/latest/game/assets/perks/statmods/statmodsarmoricon.png,Adaptive,https://raw.communitydragon.org/latest/game/assets/perks/statmods/statmodsadaptiveforceicon.png,AttackSpeed,https://raw.communitydragon.org/latest/game/assets/perks/statmods/statmodsattackspeedicon.png,https://raw.communitydragon.org/latest/game/assets/items/icons2d/1036_class_t1_longsword.png,,,https://raw.communitydragon.org/latest/game/assets/items/icons2d/6673_marksman_t4_crimsonshieldbow.png,https://raw.communitydragon.org/latest/game/assets/items/icons2d/3006_class_t2_berserkersgreaves.png,https://raw.communitydragon.org/latest/game/assets/items/icons2d/3124_marksman_t3_guinsoosrageblade.png,https://raw.communitydragon.org/latest/game/assets/items/icons2d/3363_class_t1_farsightalteration.png
0,4,1,0,0,0,0,5780,9,Lulu,16,143,143,143,3927,0,2,8,31,23,False,False,False,False,5,5090,4875,0,Hino Bélico de Shurelya,Estilhaço de Gelo Verdadeiro,Sentinela de Controle,Botas Ionianas da Lucidez,Amuleto da Fada,0,Lente do Oráculo,0,1,0,0,1,626,10160,3735,1805,0,0,45,10,3458,615,5187,0,0,4,7,BLG ON,200,14,1432,0,13618,4351,1767,7126,0,1302,581,15,166,42,2,0,0,134,0,0,10,0,65,10,6,36,False,2677230,https://raw.communitydragon.org/latest/plugins/rcp-be-lol-game-data/global/default/v1/champion-icons/117.png,Invocar Aery,https://raw.communitydragon.org/latest/game/assets/perks/styles/sorcery/summonaery/summonaery.png,Faixa de Fluxo de Mana,https://raw.communitydragon.org/latest/game/assets/perks/styles/sorcery/manaflowband/manaflowband.png,Transcendência,https://raw.communitydragon.org/latest/game/assets/perks/styles/sorcery/transcendence/transcendence.png,Chamuscar,https://raw.communitydragon.org/latest/game/assets/perks/styles/sorcery/scorch/scorch.png,Entrega de Biscoitos,https://raw.communitydragon.org/latest/game/assets/perks/styles/inspiration/biscuitdelivery/biscuitdelivery.png,Perspicácia Cósmica,https://raw.communitydragon.org/latest/game/assets/perks/styles/inspiration/cosmicinsight/cosmicinsight.png,Armor,https://raw.communitydragon.org/latest/game/assets/perks/statmods/statmodsarmoricon.png,Adaptive,https://raw.communitydragon.org/latest/game/assets/perks/statmods/statmodsadaptiveforceicon.png,Adaptive,https://raw.communitydragon.org/latest/game/assets/perks/statmods/statmodsadaptiveforceicon.png,https://raw.communitydragon.org/latest/game/assets/items/icons2d/2065_tank_t4_shurelyasbattlesong.png,https://raw.communitydragon.org/latest/game/assets/items/icons2d/3853_mage_t3_shardoftrueice.png,https://raw.communitydragon.org/latest/game/assets/items/icons2d/2055_class_t1_controlward.png,https://raw.communitydragon.org/latest/game/assets/items/icons2d/3158_class_t2_ionianbootsoflucidity.png,https://raw.communitydragon.org/latest/game/assets/items/icons2d/1004_class_t1_faeriecharm.png,,https://raw.communitydragon.org/latest/game/assets/items/icons2d/3364_class_t1_oracleslens.png
0,0,0,0,0,0,0,11064,13,Gnar,9,3091,6722,3091,10511,0,2,1,0,3,False,False,False,False,0,8564,8408,0,Quebracascos,Abatedora,Força da Trindade,Escudo de Doran,Grevas do Berserker,0,Alteração Vidente,0,0,0,0,0,627,6975,1201,5480,0,4,0,1,97538,10522,10116,0,0,4,12,BLG Bin,100,32,1352,0,117001,11724,0,16526,0,2443,0,197,374,68,1,12487,0,929,1,1,8,1,14,1,1,9,False,2677232,https://raw.communitydragon.org/latest/plugins/rcp-be-lol-game-data/global/default/v1/champion-icons/150.png,Agilidade nos Pés,https://raw.communitydragon.org/latest/game/assets/perks/styles/precision/fleetfootwork/fleetfootwork.png,Cura Excessiva,https://raw.communitydragon.org/latest/game/assets/perks/styles/precision/overheal.png,Lenda: Tenacidade,https://raw.communitydragon.org/latest/game/assets/perks/styles/precision/legendtenacity/legendtenacity.png,Dilacerar,https://raw.communitydragon.org/latest/game/assets/perks/styles/precision/cutdown/cutdown.png,Ventos Revigorantes,https://raw.communitydragon.org/latest/game/assets/perks/styles/resolve/secondwind/secondwind.png,Demolir,https://raw.communitydragon.org/latest/game/assets/perks/styles/resolve/demolish/demolish.png,Armor,https://raw.communitydragon.org/latest/game/assets/perks/statmods/statmodsarmoricon.png,Adaptive,https://raw.communitydragon.org/latest/game/assets/perks/statmods/statmodsadaptiveforceicon.png,AttackSpeed,https://raw.communitydragon.org/latest/game/assets/perks/statmods/statmodsattackspeedicon.png,https://raw.communitydragon.org/latest/game/assets/items/icons2d/3181_hullbreaker.png,https://raw.communitydragon.org/latest/game/assets/items/icons2d/1083_marksman_t1_cull.png,https://raw.communitydragon.org/latest/game/assets/items/icons2d/3078_fighter_t4_trinityforce.png,https://raw.communitydragon.org/latest/game/assets/items/icons2d/1054_tank_t1_doransshield.png,https://raw.communitydragon.org/latest/game/assets/items/icons2d/3006_class_t2_berserkersgreaves.png,,https://raw.communitydragon.org/latest/game/assets/items/icons2d/3363_class_t1_farsightalteration.png
0,0,0,0,0,0,0,8204,11,Vi,49,225,14555,225,22668,0,5,3,1,0,False,False,False,False,0,7331,6450,0,Égide da Legião,Sentinela de Controle,Passos de Mercúrio,Cutelo Negro,Cristal de Rubi,0,Lente do Oráculo,0,1,0,0,1,756,0,0,6046,0,110,43,2,102115,2855,12953,0,0,4,11,BLG XUN,100,12,1352,90,130696,3246,0,19669,2,6257,0,7,265,150,1,28581,390,669,0,0,8,0,25,6,6,5,False,2677232,https://raw.communitydragon.org/latest/plugins/rcp-be-lol-game-data/global/default/v1/champion-icons/254.png,Pressione o Ataque,https://raw.communitydragon.org/latest/game/assets/perks/styles/precision/presstheattack/presstheattack.png,Triunfo,https://raw.communitydragon.org/latest/game/assets/perks/styles/precision/triumph.png,Lenda: Espontaneidade,https://raw.communitydragon.org/latest/game/assets/perks/styles/precision/legendalacrity/legendalacrity.png,Golpe de Misericórdia,https://raw.communitydragon.org/latest/game/assets/perks/styles/precision/coupdegrace/coupdegrace.png,Calçados Mágicos,https://raw.communitydragon.org/latest/game/assets/perks/styles/inspiration/magicalfootwear/magicalfootwear.png,Perspicácia Cósmica,https://raw.communitydragon.org/latest/game/assets/perks/styles/inspiration/cosmicinsight/cosmicinsight.png,Armor,https://raw.communitydragon.org/latest/game/assets/perks/statmods/statmodsarmoricon.png,Adaptive,https://raw.communitydragon.org/latest/game/assets/perks/statmods/statmodsadaptiveforceicon.png,AttackSpeed,https://raw.communitydragon.org/latest/game/assets/perks/statmods/statmodsattackspeedicon.png,https://raw.communitydragon.org/latest/game/assets/items/icons2d/3105_tank_t2_aegisofthelegion.png,https://raw.communitydragon.org/latest/game/assets/items/icons2d/2055_class_t1_controlward.png,https://raw.communitydragon.org/latest/game/assets/items/icons2d/3111_class_t2_mercurystreads.png,https://raw.communitydragon.org/latest/game/assets/items/icons2d/3071_fighter_t3_blackcleaver.png,https://raw.communitydragon.org/latest/game/assets/items/icons2d/1028_base_t1_rubycrystal.png,,https://raw.communitydragon.org/latest/game/assets/items/icons2d/3364_class_t1_oracleslens.png
1,1,1,0,0,0,0,10170,13,Sylas,17,1027,1173,1027,10006,0,3,2,3,1,False,False,False,False,0,7428,7450,0,Cronômetro,Códex Demoníaco,Armaguarda da Caçadora,Anel de Doran,Bastão das Eras,Sapatos do Feiticeiro,Lente do Oráculo,0,0,0,0,0,753,67940,5722,4728,0,0,3,3,8540,535,12857,0,0,4,12,BLG Yagao,100,17,1352,0,77492,6399,0,18224,0,1034,0,167,242,104,1,1010,141,638,1,1,8,0,14,2,3,4,False,2677232,https://raw.communitydragon.org/latest/plugins/rcp-be-lol-game-data/global/default/v1/champion-icons/517.png,Primeiro Ataque,https://raw.communitydragon.org/latest/game/assets/perks/styles/inspiration/firststrike/firststrike.png,Calçados Mágicos,https://raw.communitydragon.org/latest/game/assets/perks/styles/inspiration/magicalfootwear/magicalfootwear.png,Pulverizador de Tropas,https://raw.communitydragon.org/latest/game/assets/perks/styles/inspiration/miniondematerializer/miniondematerializer.png,Perspicácia Cósmica,https://raw.communitydragon.org/latest/game/assets/perks/styles/inspiration/cosmicinsight/cosmicinsight.png,Ventos Revigorantes,https://raw.communitydragon.org/latest/game/assets/perks/styles/resolve/secondwind/secondwind.png,Inabalável,https://raw.communitydragon.org/latest/game/assets/perks/styles/sorcery/unflinching/unflinching.png,Armor,https://raw.communitydragon.org/latest/game/assets/perks/statmods/statmodsarmoricon.png,Adaptive,https://raw.communitydragon.org/latest/game/assets/perks/statmods/statmodsadaptiveforceicon.png,Adaptive,https://raw.communitydragon.org/latest/game/assets/perks/statmods/statmodsadaptiveforceicon.png,https://raw.communitydragon.org/latest/game/assets/items/icons2d/2419_mage_t1_stopwatch.png,https://raw.communitydragon.org/latest/game/assets/items/icons2d/3108_mage_t2_fiendishcodex.png,https://raw.communitydragon.org/latest/game/assets/items/icons2d/3191_battlemage_t2_seekersarmguard.png,https://raw.communitydragon.org/latest/game/assets/items/icons2d/1056_mage_t1_doransring.png,https://raw.communitydragon.org/latest/game/assets/items/icons2d/6657_mage_t4_rodofages.png,https://raw.communitydragon.org/latest/game/assets/items/icons2d/3020_class_t2_sorcerersshoes.png,https://raw.communitydragon.org/latest/game/assets/items/icons2d/3364_class_t1_oracleslens.png
0,4,0,0,0,0,0,9164,12,Xayah,74,637,1305,637,4466,0,1,2,28,0,False,False,False,False,3,8564,8300,0,Força do Vendaval,Adagas Rápidas Navori,0,0,Grevas do Berserker,Abatedora,Alteração Vidente,0,0,379,0,0,760,235,235,1549,0,12,21,4,94619,4416,6833,0,0,4,1,BLG Elk,100,2,1352,12,101933,4651,0,8502,0,983,0,201,33,27,1,7079,0,119,0,0,8,0,32,3,10,9,False,2677232,https://raw.communitydragon.org/latest/plugins/rcp-be-lol-game-data/global/default/v1/champion-icons/498.png,Ritmo Fatal,https://raw.communitydragon.org/latest/game/assets/perks/styles/precision/lethaltempo/lethaltempotemp.png,Presença de Espírito,https://raw.communitydragon.org/latest/game/assets/perks/styles/precision/presenceofmind/presenceofmind.png,Lenda: Linhagem,https://raw.communitydragon.org/latest/game/assets/perks/styles/precision/legendbloodline/legendbloodline.png,Dilacerar,https://raw.communitydragon.org/latest/game/assets/perks/styles/precision/cutdown/cutdown.png,Entrega de Biscoitos,https://raw.communitydragon.org/latest/game/assets/perks/styles/inspiration/biscuitdelivery/biscuitdelivery.png,Calçados Mágicos,https://raw.communitydragon.org/latest/game/assets/perks/styles/inspiration/magicalfootwear/magicalfootwear.png,Armor,https://raw.communitydragon.org/latest/game/assets/perks/statmods/statmodsarmoricon.png,Adaptive,https://raw.communitydragon.org/latest/game/assets/perks/statmods/statmodsadaptiveforceicon.png,AttackSpeed,https://raw.communitydragon.org/latest/game/assets/perks/statmods/statmodsattackspeedicon.png,https://raw.communitydragon.org/latest/game/assets/items/icons2d/6671_marksman_t4_galeforce.png,https://raw.communitydragon.org/latest/game/assets/items/icons2d/6675_marksman_t3_navoriquickblades.png,,,https://raw.communitydragon.org/latest/game/assets/items/icons2d/3006_class_t2_berserkersgreaves.png,https://raw.communitydragon.org/latest/game/assets/items/icons2d/1083_marksman_t1_cull.png,https://raw.communitydragon.org/latest/game/assets/items/icons2d/3363_class_t1_farsightalteration.png
0,1,0,0,0,0,0,6362,10,Rakan,12,0,51,0,9803,0,0,13,27,32,False,False,False,False,3,5233,4550,0,Espelho de Bandópolis,Bastião da Montanha,Sentinela de Controle,Passos de Mercúrio,0,Gema Ardente,Lente do Oráculo,0,0,0,0,0,0,4432,1246,2812,0,0,31,5,5196,714,7252,0,0,4,14,BLG ON,100,8,1352,0,18076,2521,1922,10580,0,2785,1174,48,25,0,4,8448,560,515,0,0,8,0,74,14,13,37,False,2677232,https://raw.communitydragon.org/latest/plugins/rcp-be-lol-game-data/global/default/v1/champion-icons/497.png,Guardião,https://raw.communitydragon.org/latest/game/assets/perks/styles/resolve/guardian/guardian.png,Golpe de Escudo,https://raw.communitydragon.org/latest/game/assets/perks/styles/resolve/mirrorshell/mirrorshell.png,Ventos Revigorantes,https://raw.communitydragon.org/latest/game/assets/perks/styles/resolve/secondwind/secondwind.png,Inabalável,https://raw.communitydragon.org/latest/game/assets/perks/styles/sorcery/unflinching/unflinching.png,Pulverizador de Tropas,https://raw.communitydragon.org/latest/game/assets/perks/styles/inspiration/miniondematerializer/miniondematerializer.png,Perspicácia Cósmica,https://raw.communitydragon.org/latest/game/assets/perks/styles/inspiration/cosmicinsight/cosmicinsight.png,Armor,https://raw.communitydragon.org/latest/game/assets/perks/statmods/statmodsarmoricon.png,MagicRes,https://raw.communitydragon.org/latest/game/assets/perks/statmods/statmodsmagicresicon.magicresist_fix.png,CDRScaling,https://raw.communitydragon.org/latest/game/assets/perks/statmods/statmodscdrscalingicon.png,https://raw.communitydragon.org/latest/game/assets/items/icons2d/4642_enchanter_t2_bandleglassmirror.png,https://raw.communitydragon.org/latest/game/assets/items/icons2d/3860_tank_t3_bulwarkofthemountain.png,https://raw.communitydragon.org/latest/game/assets/items/icons2d/2055_class_t1_controlward.png,https://raw.communitydragon.org/latest/game/assets/items/icons2d/3111_class_t2_mercurystreads.png,,https://raw.communitydragon.org/latest/game/assets/items/icons2d/3067_tank_t1_kindlegem.png,https://raw.communitydragon.org/latest/game/assets/items/icons2d/3364_class_t1_oracleslens.png
1,1,3,0,0,0,1,12399,14,Sion,10,899,10002,899,24126,0,0,3,2,1,False,True,False,False,0,8054,7675,0,Correntes de Anátema,0,0,0,Jak'Sho,Botas Galvanizadas de Aço,Alteração Vidente,0,1,0,0,1,0,21179,2720,1642,0,12,7,6,80732,5805,12366,1,0,4,12,JDG 369,200,23,1352,2,101911,8525,0,14026,2,656,0,154,458,0,1,0,0,17,0,1,2,0,27,3,1,10,True,2677232,https://raw.communitydragon.org/latest/plugins/rcp-be-lol-game-data/global/default/v1/champion-icons/14.png,Cometa Arcano,https://raw.communitydragon.org/latest/game/assets/perks/styles/sorcery/arcanecomet/arcanecomet.png,Faixa de Fluxo de Mana,https://raw.communitydragon.org/latest/game/assets/perks/styles/sorcery/manaflowband/manaflowband.png,Transcendência,https://raw.communitydragon.org/latest/game/assets/perks/styles/sorcery/transcendence/transcendence.png,Chamuscar,https://raw.communitydragon.org/latest/game/assets/perks/styles/sorcery/scorch/scorch.png,Entrega de Biscoitos,https://raw.communitydragon.org/latest/game/assets/perks/styles/inspiration/biscuitdelivery/biscuitdelivery.png,Perspicácia Cósmica,https://raw.communitydragon.org/latest/game/assets/perks/styles/inspiration/cosmicinsight/cosmicinsight.png,Armor,https://raw.communitydragon.org/latest/game/assets/perks/statmods/statmodsarmoricon.png,Adaptive,https://raw.communitydragon.org/latest/game/assets/perks/statmods/statmodsadaptiveforceicon.png,Adaptive,https://raw.communitydragon.org/latest/game/assets/perks/statmods/statmodsadaptiveforceicon.png,https://raw.communitydragon.org/latest/game/assets/items/icons2d/8001_tank_t3_anathemaschains.png,,,,https://raw.communitydragon.org/latest/game/assets/items/icons2d/6665_tank_t4_jakshotheprotean.png,https://raw.communitydragon.org/latest/game/assets/items/icons2d/3047_class_t2_ninjatabi.png,https://raw.communitydragon.org/latest/game/assets/items/icons2d/3363_class_t1_farsightalteration.png
0,10,5,0,1,0,3,10952,13,Maokai,58,542,31972,542,17388,0,0,5,1,7,True,False,False,False,7,10110,8725,0,Virtude Radiante,Abraço Demoníaco,0,Botas Ionianas da Lucidez,Brasa de Bami,0,Lente do Oráculo,1,3,0,3,1,0,131047,9893,4263,0,147,42,7,20581,1004,18172,0,0,4,11,JDG Kanavi,200,37,1352,105,197055,13046,0,22840,7,17011,339,19,619,0,4,45425,2147,404,1,3,2,1,31,5,7,7,True,2677232,https://raw.communitydragon.org/latest/plugins/rcp-be-lol-game-data/global/default/v1/champion-icons/57.png,Primeiro Ataque,https://raw.communitydragon.org/latest/game/assets/perks/styles/inspiration/firststrike/firststrike.png,Calçados Mágicos,https://raw.communitydragon.org/latest/game/assets/perks/styles/inspiration/magicalfootwear/magicalfootwear.png,Mercado do Futuro,https://raw.communitydragon.org/latest/game/assets/perks/styles/inspiration/futuresmarket/futuresmarket.png,Perspicácia Cósmica,https://raw.communitydragon.org/latest/game/assets/perks/styles/inspiration/cosmicinsight/cosmicinsight.png,Golpe Desleal,https://raw.communitydragon.org/latest/game/assets/perks/styles/domination/cheapshot/cheapshot.png,Caçador de Tesouros,https://raw.communitydragon.org/latest/game/assets/perks/styles/domination/treasurehunter/treasurehunter.png,Armor,https://raw.communitydragon.org/latest/game/assets/perks/statmods/statmodsarmoricon.png,Adaptive,https://raw.communitydragon.org/latest/game/assets/perks/statmods/statmodsadaptiveforceicon.png,CDRScaling,https://raw.communitydragon.org/latest/game/assets/perks/statmods/statmodscdrscalingicon.png,https://raw.communitydragon.org/latest/game/assets/items/icons2d/6667_tank_t4_radiantvirtue.png,https://raw.communitydragon.org/latest/game/assets/items/icons2d/4637_mage_t3_demonicembrace.png,,https://raw.communitydragon.org/latest/game/assets/items/icons2d/3158_class_t2_ionianbootsoflucidity.png,https://raw.communitydragon.org/latest/game/assets/items/icons2d/6660_tank_t2_bamiscinder.png,,https://raw.communitydragon.org/latest/game/assets/items/icons2d/3364_class_t1_oracleslens.png
0,4,4,1,0,0,2,13768,15,Jayce,34,12184,22287,12184,8754,0,1,5,12,0,False,False,False,True,0,11088,9825,0,Eclipse,Muramana,Cronômetro Quebrado,Punhal Serrilhado,Botas Ionianas da Lucidez,Cota de Malha,Lente do Oráculo,2,5,0,3,2,1133,15134,3872,2587,0,5,51,8,144825,20097,6844,0,0,4,12,JDG knight,200,7,1352,2,162799,23969,0,9843,0,210,0,208,104,41,1,2840,0,410,3,6,2,0,32,5,6,11,True,2677232,https://raw.communitydragon.org/latest/plugins/rcp-be-lol-game-data/global/default/v1/champion-icons/126.png,Ímpeto Gradual,https://raw.communitydragon.org/latest/game/assets/perks/styles/sorcery/phaserush/phaserush.png,Faixa de Fluxo de Mana,https://raw.communitydragon.org/latest/game/assets/perks/styles/sorcery/manaflowband/manaflowband.png,Foco Absoluto,https://raw.communitydragon.org/latest/game/assets/perks/styles/sorcery/absolutefocus/absolutefocus.png,Chamuscar,https://raw.communitydragon.org/latest/game/assets/perks/styles/sorcery/scorch/scorch.png,Calçados Mágicos,https://raw.communitydragon.org/latest/game/assets/perks/styles/inspiration/magicalfootwear/magicalfootwear.png,Entrega de Biscoitos,https://raw.communitydragon.org/latest/game/assets/perks/styles/inspiration/biscuitdelivery/biscuitdelivery.png,MagicRes,https://raw.communitydragon.org/latest/game/assets/perks/statmods/statmodsmagicresicon.magicresist_fix.png,Adaptive,https://raw.communitydragon.org/latest/game/assets/perks/statmods/statmodsadaptiveforceicon.png,Adaptive,https://raw.communitydragon.org/latest/game/assets/perks/statmods/statmodsadaptiveforceicon.png,https://raw.communitydragon.org/latest/game/assets/items/icons2d/6692_assassin_t4_eclipse.png,https://raw.communitydragon.org/latest/game/assets/items/icons2d/3042_marksman_t3_muramana.png,https://raw.communitydragon.org/latest/game/assets/items/icons2d/2424_mage_t1_brokenstopwatch.png,https://raw.communitydragon.org/latest/game/assets/items/icons2d/3134_assassin_t2_serrateddirk.png,https://raw.communitydragon.org/latest/game/assets/items/icons2d/3158_class_t2_ionianbootsoflucidity.png,https://raw.communitydragon.org/latest/game/assets/items/icons2d/1031_base_t2_chainvest.png,https://raw.communitydragon.org/latest/game/assets/items/icons2d/3364_class_t1_oracleslens.png
0,1,2,0,0,0,2,11072,13,Aphelios,6,5737,13603,5737,6600,0,0,5,9,11,False,False,False,False,0,10854,9325,0,Força do Vendaval,Gume do Infinito,Grevas do Berserker,Espada Longa,Abatedora,0,Alteração Vidente,1,2,716,2,1,1347,2495,543,1170,0,4,4,9,126014,9571,3481,0,0,4,6,JDG Ruler,200,9,1352,4,133374,10395,0,4822,0,1920,0,242,92,0,1,4865,280,170,2,5,2,0,32,5,7,12,True,2677232,https://raw.communitydragon.org/latest/plugins/rcp-be-lol-game-data/global/default/v1/champion-icons/523.png,Agilidade nos Pés,https://raw.communitydragon.org/latest/game/assets/perks/styles/precision/fleetfootwork/fleetfootwork.png,Cura Excessiva,https://raw.communitydragon.org/latest/game/assets/perks/styles/precision/overheal.png,Lenda: Linhagem,https://raw.communitydragon.org/latest/game/assets/perks/styles/precision/legendbloodline/legendbloodline.png,Dilacerar,https://raw.communitydragon.org/latest/game/assets/perks/styles/precision/cutdown/cutdown.png,Foco Absoluto,https://raw.communitydragon.org/latest/game/assets/perks/styles/sorcery/absolutefocus/absolutefocus.png,Tempestade Crescente,https://raw.communitydragon.org/latest/game/assets/perks/styles/sorcery/gatheringstorm/gatheringstorm.png,Armor,https://raw.communitydragon.org/latest/game/assets/perks/statmods/statmodsarmoricon.png,Adaptive,https://raw.communitydragon.org/latest/game/assets/perks/statmods/statmodsadaptiveforceicon.png,AttackSpeed,https://raw.communitydragon.org/latest/game/assets/perks/statmods/statmodsattackspeedicon.png,https://raw.communitydragon.org/latest/game/assets/items/icons2d/6671_marksman_t4_galeforce.png,https://raw.communitydragon.org/latest/game/assets/items/icons2d/3031_marksman_t3_infinityedge.png,https://raw.communitydragon.org/latest/game/assets/items/icons2d/3006_class_t2_berserkersgreaves.png,https://raw.communitydragon.org/latest/game/assets/items/icons2d/1036_class_t1_longsword.png,https://raw.communitydragon.org/latest/game/assets/items/icons2d/1083_marksman_t1_cull.png,,https://raw.communitydragon.org/latest/game/assets/items/icons2d/3363_class_t1_farsightalteration.png
0,0,7,3,0,0,0,6734,10,Thresh,12,712,1381,712,2446,0,0,11,31,13,False,False,False,False,0,6042,5175,0,Hino Bélico de Shurelya,Ombreiras de Pedralva,0,Botas Ionianas da Lucidez,Cristal de Rubi,0,Lente do Oráculo,0,0,0,0,0,0,8981,2305,1670,3,0,22,10,4451,285,2632,0,0,14,4,JDG MISSING,200,20,1352,0,20585,3036,995,4392,0,11,0,31,104,0,1,7152,446,90,1,3,2,1,62,11,8,37,True,2677232,https://raw.communitydragon.org/latest/plugins/rcp-be-lol-game-data/global/default/v1/champion-icons/412.png,Aprimoramento Glacial,https://raw.communitydragon.org/latest/game/assets/perks/styles/inspiration/glacialaugment/glacialaugment.png,Flashtração Hextec,https://raw.communitydragon.org/latest/game/assets/perks/styles/inspiration/hextechflashtraption/hextechflashtraption.png,Pulverizador de Tropas,https://raw.communitydragon.org/latest/game/assets/perks/styles/inspiration/miniondematerializer/miniondematerializer.png,Perspicácia Cósmica,https://raw.communitydragon.org/latest/game/assets/perks/styles/inspiration/cosmicinsight/cosmicinsight.png,Osso Revestido,https://raw.communitydragon.org/latest/game/assets/perks/styles/resolve/boneplating/boneplating.png,Inabalável,https://raw.communitydragon.org/latest/game/assets/perks/styles/sorcery/unflinching/unflinching.png,Armor,https://raw.communitydragon.org/latest/game/assets/perks/statmods/statmodsarmoricon.png,Adaptive,https://raw.communitydragon.org/latest/game/assets/perks/statmods/statmodsadaptiveforceicon.png,AttackSpeed,https://raw.communitydragon.org/latest/game/assets/perks/statmods/statmodsattackspeedicon.png,https://raw.communitydragon.org/latest/game/assets/items/icons2d/2065_tank_t4_shurelyasbattlesong.png,https://raw.communitydragon.org/latest/game/assets/items/icons2d/3857_tank_t3_pauldronsofwhiterock.png,,https://raw.communitydragon.org/latest/game/assets/items/icons2d/3158_class_t2_ionianbootsoflucidity.png,https://raw.communitydragon.org/latest/game/assets/items/icons2d/1028_base_t1_rubycrystal.png,,https://raw.communitydragon.org/latest/game/assets/items/icons2d/3364_class_t1_oracleslens.png
