timestamp,type,wardType,gameId,summonerName
0.561,WARD_PLACED,YELLOW_TRINKET,2677225,JDG MISSING
0.5643333333333334,WARD_PLACED,YELLOW_TRINKET,2677225,BLG ON
0.7991,WARD_KILL,YELLOW_TRINKET,2677225,JDG MISSING
0.8891166666666667,WARD_PLACED,YELLOW_TRINKET,2677225,BLG Yagao
0.9328666666666666,WARD_PLACED,YELLOW_TRINKET,2677225,BLG XUN
1.95655,WARD_PLACED,YELLOW_TRINKET,2677225,JDG knight
2.62545,WARD_PLACED,YELLOW_TRINKET,2677225,BLG Elk
2.64775,WARD_PLACED,YELLOW_TRINKET,2677225,BLG Bin
3.20585,WARD_PLACED,YELLOW_TRINKET,2677225,BLG ON
3.3409333333333335,WARD_PLACED,YELLOW_TRINKET,2677225,JDG Ruler
3.85255,WARD_PLACED,CONTROL_WARD,2677225,JDG Kanavi
4.12575,WARD_PLACED,YELLOW_TRINKET,2677225,BLG Yagao
4.222416666666667,WARD_PLACED,YELLOW_TRINKET,2677225,JDG 369
4.258033333333334,WARD_KILL,YELLOW_TRINKET,2677225,JDG MISSING
4.479966666666667,WARD_PLACED,YELLOW_TRINKET,2677225,BLG Elk
4.4927,WARD_PLACED,YELLOW_TRINKET,2677225,JDG knight
4.6027,WARD_PLACED,YELLOW_TRINKET,2677225,JDG 369
5.1395,WARD_PLACED,CONTROL_WARD,2677225,BLG Elk
5.376683333333333,WARD_PLACED,CONTROL_WARD,2677225,JDG MISSING
5.4279166666666665,WARD_PLACED,CONTROL_WARD,2677225,BLG Yagao
5.612933333333333,WARD_KILL,CONTROL_WARD,2677225,JDG MISSING
5.660283333333333,WARD_PLACED,CONTROL_WARD,2677225,JDG 369
5.978933333333333,WARD_KILL,CONTROL_WARD,2677225,JDG knight
6.053533333333333,WARD_PLACED,YELLOW_TRINKET,2677225,JDG Ruler
6.174216666666666,WARD_PLACED,YELLOW_TRINKET,2677225,BLG ON
6.4123,WARD_PLACED,CONTROL_WARD,2677225,BLG XUN
6.542566666666667,WARD_PLACED,YELLOW_TRINKET,2677225,BLG Yagao
6.678283333333333,WARD_KILL,YELLOW_TRINKET,2677225,JDG knight
6.884283333333333,WARD_PLACED,YELLOW_TRINKET,2677225,BLG Elk
7.275933333333334,WARD_PLACED,YELLOW_TRINKET,2677225,JDG knight
7.2843,WARD_KILL,CONTROL_WARD,2677225,BLG Elk
7.339383333333333,WARD_KILL,CONTROL_WARD,2677225,JDG knight
7.57555,WARD_PLACED,YELLOW_TRINKET,2677225,JDG 369
7.66675,WARD_PLACED,YELLOW_TRINKET,2677225,BLG Bin
7.783616666666667,WARD_KILL,YELLOW_TRINKET,2677225,JDG Kanavi
7.977216666666667,WARD_PLACED,CONTROL_WARD,2677225,JDG Kanavi
8.418583333333334,WARD_KILL,CONTROL_WARD,2677225,BLG XUN
8.55265,WARD_PLACED,YELLOW_TRINKET,2677225,JDG Ruler
8.644966666666667,WARD_PLACED,SIGHT_WARD,2677225,BLG ON
9.045466666666666,WARD_PLACED,YELLOW_TRINKET,2677225,BLG ON
9.1077,WARD_KILL,CONTROL_WARD,2677225,BLG Bin
9.2766,WARD_PLACED,CONTROL_WARD,2677225,BLG XUN
9.763133333333334,WARD_KILL,CONTROL_WARD,2677225,JDG Ruler
9.816533333333334,WARD_PLACED,YELLOW_TRINKET,2677225,BLG Yagao
10.085233333333333,WARD_PLACED,CONTROL_WARD,2677225,JDG knight
10.086333333333334,WARD_PLACED,YELLOW_TRINKET,2677225,JDG Ruler
10.149033333333334,WARD_PLACED,YELLOW_TRINKET,2677225,BLG Elk
10.2503,WARD_PLACED,CONTROL_WARD,2677225,BLG Elk
10.37365,WARD_KILL,YELLOW_TRINKET,2677225,JDG knight
10.693066666666667,WARD_PLACED,YELLOW_TRINKET,2677225,BLG Bin
10.76985,WARD_KILL,YELLOW_TRINKET,2677225,JDG Ruler
10.799316666666666,WARD_PLACED,CONTROL_WARD,2677225,JDG 369
11.060033333333333,WARD_PLACED,CONTROL_WARD,2677225,JDG Kanavi
11.345233333333333,WARD_KILL,CONTROL_WARD,2677225,JDG MISSING
11.634783333333333,WARD_PLACED,SIGHT_WARD,2677225,JDG MISSING
11.816133333333333,WARD_PLACED,YELLOW_TRINKET,2677225,BLG Yagao
11.869533333333333,WARD_PLACED,CONTROL_WARD,2677225,JDG Ruler
11.90075,WARD_PLACED,CONTROL_WARD,2677225,BLG Elk
11.9531,WARD_PLACED,SIGHT_WARD,2677225,BLG ON
12.114016666666666,WARD_PLACED,SIGHT_WARD,2677225,BLG ON
12.319133333333333,WARD_KILL,SIGHT_WARD,2677225,JDG knight
12.34585,WARD_PLACED,SIGHT_WARD,2677225,JDG MISSING
12.348666666666666,WARD_KILL,CONTROL_WARD,2677225,BLG Bin
12.37875,WARD_PLACED,YELLOW_TRINKET,2677225,JDG 369
12.432866666666667,WARD_PLACED,SIGHT_WARD,2677225,BLG ON
12.449,WARD_KILL,SIGHT_WARD,2677225,JDG MISSING
12.70585,WARD_KILL,CONTROL_WARD,2677225,BLG Bin
12.714166666666667,WARD_PLACED,YELLOW_TRINKET,2677225,BLG Bin
12.7387,WARD_PLACED,CONTROL_WARD,2677225,BLG ON
12.7603,WARD_PLACED,SIGHT_WARD,2677225,JDG MISSING
12.873,WARD_KILL,SIGHT_WARD,2677225,BLG ON
12.9336,WARD_PLACED,SIGHT_WARD,2677225,JDG MISSING
13.023166666666667,WARD_KILL,CONTROL_WARD,2677225,JDG Ruler
13.062483333333333,WARD_PLACED,YELLOW_TRINKET,2677225,BLG Elk
13.1286,WARD_PLACED,YELLOW_TRINKET,2677225,JDG 369
13.247633333333333,WARD_KILL,CONTROL_WARD,2677225,JDG Kanavi
13.37045,WARD_PLACED,YELLOW_TRINKET,2677225,JDG Ruler
14.0014,WARD_KILL,SIGHT_WARD,2677225,JDG knight
14.496433333333334,WARD_PLACED,CONTROL_WARD,2677225,JDG MISSING
14.543033333333334,WARD_PLACED,YELLOW_TRINKET,2677225,BLG Bin
14.572433333333333,WARD_PLACED,SIGHT_WARD,2677225,JDG MISSING
14.609683333333333,WARD_PLACED,SIGHT_WARD,2677225,JDG MISSING
14.680516666666668,WARD_PLACED,SIGHT_WARD,2677225,BLG ON
14.693866666666667,WARD_KILL,SIGHT_WARD,2677225,BLG ON
14.76615,WARD_PLACED,SIGHT_WARD,2677225,JDG MISSING
14.80635,WARD_KILL,SIGHT_WARD,2677225,BLG ON
14.92905,WARD_PLACED,YELLOW_TRINKET,2677225,BLG Yagao
14.963,WARD_PLACED,SIGHT_WARD,2677225,BLG ON
15.1142,WARD_PLACED,SIGHT_WARD,2677225,BLG ON
15.120883333333333,WARD_KILL,CONTROL_WARD,2677225,BLG XUN
15.302516666666667,WARD_PLACED,CONTROL_WARD,2677225,BLG Elk
15.346916666666667,WARD_KILL,SIGHT_WARD,2677225,BLG Elk
15.413666666666666,WARD_PLACED,CONTROL_WARD,2677225,JDG Ruler
15.450366666666667,WARD_KILL,SIGHT_WARD,2677225,JDG Ruler
15.75395,WARD_PLACED,CONTROL_WARD,2677225,BLG Yagao
15.771933333333333,WARD_KILL,SIGHT_WARD,2677225,JDG Kanavi
15.782483333333333,WARD_PLACED,CONTROL_WARD,2677225,JDG Kanavi
15.869066666666667,WARD_PLACED,CONTROL_WARD,2677225,BLG ON
15.870716666666667,WARD_PLACED,BLUE_TRINKET,2677225,JDG Ruler
15.877933333333333,WARD_PLACED,YELLOW_TRINKET,2677225,BLG Elk
15.94845,WARD_KILL,SIGHT_WARD,2677225,JDG Kanavi
15.974616666666666,WARD_PLACED,CONTROL_WARD,2677225,JDG knight
15.9841,WARD_KILL,CONTROL_WARD,2677225,JDG MISSING
15.989083333333333,WARD_PLACED,SIGHT_WARD,2677225,JDG MISSING
16.000216666666667,WARD_PLACED,SIGHT_WARD,2677225,BLG ON
16.06155,WARD_KILL,CONTROL_WARD,2677225,JDG Ruler
16.069883333333333,WARD_KILL,YELLOW_TRINKET,2677225,JDG knight
16.07155,WARD_PLACED,SIGHT_WARD,2677225,JDG MISSING
16.120983333333335,WARD_PLACED,SIGHT_WARD,2677225,JDG MISSING
16.187866666666668,WARD_KILL,CONTROL_WARD,2677225,BLG Elk
16.273483333333335,WARD_PLACED,SIGHT_WARD,2677225,BLG ON
16.312466666666666,WARD_PLACED,SIGHT_WARD,2677225,BLG ON
16.523,WARD_PLACED,CONTROL_WARD,2677225,BLG XUN
16.575283333333335,WARD_PLACED,CONTROL_WARD,2677225,BLG ON
16.633133333333333,WARD_KILL,CONTROL_WARD,2677225,BLG Elk
16.740333333333332,WARD_PLACED,YELLOW_TRINKET,2677225,BLG Yagao
16.75583333333333,WARD_PLACED,CONTROL_WARD,2677225,JDG Ruler
16.788566666666668,WARD_KILL,SIGHT_WARD,2677225,JDG knight
16.82975,WARD_KILL,CONTROL_WARD,2677225,JDG Ruler
17.003866666666667,WARD_PLACED,YELLOW_TRINKET,2677225,BLG Bin
17.598833333333335,WARD_KILL,YELLOW_TRINKET,2677225,JDG Kanavi
17.6584,WARD_KILL,SIGHT_WARD,2677225,JDG MISSING
17.7472,WARD_KILL,SIGHT_WARD,2677225,JDG MISSING
17.869533333333333,WARD_PLACED,SIGHT_WARD,2677225,BLG ON
17.910033333333335,WARD_KILL,CONTROL_WARD,2677225,JDG MISSING
17.91615,WARD_KILL,CONTROL_WARD,2677225,BLG Bin
18.008966666666666,WARD_KILL,SIGHT_WARD,2677225,BLG ON
18.104816666666668,WARD_PLACED,CONTROL_WARD,2677225,BLG ON
18.13981666666667,WARD_KILL,SIGHT_WARD,2677225,BLG ON
18.153766666666666,WARD_PLACED,SIGHT_WARD,2677225,JDG MISSING
18.191533333333332,WARD_PLACED,SIGHT_WARD,2677225,JDG MISSING
18.2132,WARD_PLACED,SIGHT_WARD,2677225,JDG MISSING
18.2792,WARD_PLACED,SIGHT_WARD,2677225,BLG ON
18.299666666666667,WARD_PLACED,SIGHT_WARD,2677225,BLG ON
18.300766666666668,WARD_KILL,SIGHT_WARD,2677225,BLG Yagao
18.403233333333333,WARD_PLACED,SIGHT_WARD,2677225,JDG MISSING
18.5945,WARD_PLACED,BLUE_TRINKET,2677225,BLG Elk
18.64795,WARD_PLACED,CONTROL_WARD,2677225,JDG knight
18.840866666666667,WARD_PLACED,CONTROL_WARD,2677225,BLG XUN
18.842533333333332,WARD_PLACED,CONTROL_WARD,2677225,BLG ON
18.880733333333332,WARD_KILL,BLUE_TRINKET,2677225,BLG Elk
18.957966666666668,WARD_PLACED,SIGHT_WARD,2677225,BLG ON
19.07295,WARD_PLACED,BLUE_TRINKET,2677225,BLG Yagao
19.1231,WARD_PLACED,CONTROL_WARD,2677225,JDG MISSING
19.197033333333334,WARD_PLACED,SIGHT_WARD,2677225,BLG ON
19.247683333333335,WARD_PLACED,CONTROL_WARD,2677225,JDG MISSING
19.537133333333333,WARD_KILL,SIGHT_WARD,2677225,JDG Kanavi
19.5921,WARD_PLACED,SIGHT_WARD,2677225,BLG ON
19.6777,WARD_KILL,BLUE_TRINKET,2677225,JDG Kanavi
19.74335,WARD_KILL,BLUE_TRINKET,2677225,JDG knight
19.8301,WARD_KILL,SIGHT_WARD,2677225,JDG MISSING
19.9024,WARD_KILL,SIGHT_WARD,2677225,BLG Elk
19.917416666666668,WARD_PLACED,SIGHT_WARD,2677225,JDG MISSING
19.93245,WARD_KILL,SIGHT_WARD,2677225,BLG Elk
19.954633333333334,WARD_PLACED,CONTROL_WARD,2677225,JDG 369
19.976866666666666,WARD_PLACED,SIGHT_WARD,2677225,JDG MISSING
19.98903333333333,WARD_KILL,CONTROL_WARD,2677225,JDG knight
19.99235,WARD_PLACED,CONTROL_WARD,2677225,JDG Kanavi
20.000116666666667,WARD_PLACED,CONTROL_WARD,2677225,BLG XUN
20.0528,WARD_KILL,SIGHT_WARD,2677225,BLG ON
20.0706,WARD_PLACED,SIGHT_WARD,2677225,BLG ON
20.1162,WARD_KILL,SIGHT_WARD,2677225,JDG Ruler
20.152783333333332,WARD_PLACED,SIGHT_WARD,2677225,JDG MISSING
20.194016666666666,WARD_PLACED,CONTROL_WARD,2677225,BLG ON
20.211316666666665,WARD_KILL,CONTROL_WARD,2677225,BLG XUN
20.2823,WARD_PLACED,CONTROL_WARD,2677225,BLG Bin
20.33565,WARD_KILL,CONTROL_WARD,2677225,BLG XUN
20.398333333333333,WARD_PLACED,YELLOW_TRINKET,2677225,BLG Bin
20.4278,WARD_KILL,CONTROL_WARD,2677225,BLG Bin
20.690316666666668,WARD_PLACED,BLUE_TRINKET,2677225,JDG Ruler
20.919,WARD_PLACED,CONTROL_WARD,2677225,BLG ON
20.970033333333333,WARD_PLACED,SIGHT_WARD,2677225,BLG ON
20.989016666666668,WARD_KILL,SIGHT_WARD,2677225,BLG ON
20.996733333333335,WARD_KILL,CONTROL_WARD,2677225,JDG 369
21.056966666666668,WARD_KILL,YELLOW_TRINKET,2677225,JDG 369
21.091933333333333,WARD_PLACED,CONTROL_WARD,2677225,JDG MISSING
21.1449,WARD_PLACED,SIGHT_WARD,2677225,JDG MISSING
21.166683333333335,WARD_PLACED,CONTROL_WARD,2677225,JDG 369
21.20275,WARD_KILL,SIGHT_WARD,2677225,JDG Ruler
21.324016666666665,WARD_PLACED,SIGHT_WARD,2677225,BLG ON
21.339,WARD_PLACED,SIGHT_WARD,2677225,JDG MISSING
21.375133333333334,WARD_KILL,SIGHT_WARD,2677225,BLG ON
21.42181666666667,WARD_KILL,CONTROL_WARD,2677225,BLG Elk
21.45805,WARD_PLACED,SIGHT_WARD,2677225,JDG MISSING
21.464183333333335,WARD_PLACED,SIGHT_WARD,2677225,BLG ON
21.6253,WARD_PLACED,BLUE_TRINKET,2677225,BLG Elk
21.711133333333333,WARD_KILL,SIGHT_WARD,2677225,JDG knight
21.746733333333335,WARD_PLACED,SIGHT_WARD,2677225,BLG ON
21.842866666666666,WARD_KILL,SIGHT_WARD,2677225,JDG knight
21.900566666666666,WARD_KILL,BLUE_TRINKET,2677225,JDG knight
21.9395,WARD_PLACED,CONTROL_WARD,2677225,BLG Yagao
22.022816666666667,WARD_PLACED,SIGHT_WARD,2677225,JDG MISSING
22.0534,WARD_PLACED,CONTROL_WARD,2677225,BLG Bin
22.084683333333334,WARD_KILL,CONTROL_WARD,2677225,BLG Yagao
22.2091,WARD_PLACED,CONTROL_WARD,2677225,BLG Elk
22.23015,WARD_PLACED,SIGHT_WARD,2677225,BLG ON
22.313083333333335,WARD_KILL,CONTROL_WARD,2677225,BLG Elk
22.33755,WARD_PLACED,BLUE_TRINKET,2677225,BLG Yagao
22.359766666666665,WARD_PLACED,SIGHT_WARD,2677225,BLG ON
22.452633333333335,WARD_KILL,CONTROL_WARD,2677225,JDG 369
22.5189,WARD_KILL,SIGHT_WARD,2677225,JDG Ruler
22.735733333333332,WARD_KILL,BLUE_TRINKET,2677225,JDG knight
22.741266666666668,WARD_PLACED,SIGHT_WARD,2677225,BLG ON
22.76246666666667,WARD_PLACED,CONTROL_WARD,2677225,JDG MISSING
22.764133333333334,WARD_KILL,SIGHT_WARD,2677225,BLG ON
22.83645,WARD_KILL,SIGHT_WARD,2677225,BLG ON
22.917116666666665,WARD_PLACED,SIGHT_WARD,2677225,JDG MISSING
22.919333333333334,WARD_KILL,CONTROL_WARD,2677225,JDG knight
22.973783333333333,WARD_KILL,CONTROL_WARD,2677225,JDG knight
23.00385,WARD_PLACED,SIGHT_WARD,2677225,JDG MISSING
23.04015,WARD_KILL,CONTROL_WARD,2677225,JDG knight
23.052983333333334,WARD_PLACED,BLUE_TRINKET,2677225,JDG Ruler
23.163633333333333,WARD_PLACED,CONTROL_WARD,2677225,BLG ON
23.198566666666668,WARD_KILL,SIGHT_WARD,2677225,BLG Elk
23.246883333333333,WARD_PLACED,SIGHT_WARD,2677225,JDG MISSING
23.27465,WARD_PLACED,CONTROL_WARD,2677225,BLG ON
23.312466666666666,WARD_KILL,SIGHT_WARD,2677225,BLG Elk
23.528766666666666,WARD_KILL,CONTROL_WARD,2677225,JDG knight
23.5765,WARD_PLACED,CONTROL_WARD,2677225,BLG Bin
23.63005,WARD_PLACED,SIGHT_WARD,2677225,JDG MISSING
23.63225,WARD_PLACED,YELLOW_TRINKET,2677225,BLG Bin
23.679466666666666,WARD_PLACED,SIGHT_WARD,2677225,JDG MISSING
23.764333333333333,WARD_PLACED,CONTROL_WARD,2677225,JDG knight
23.799916666666668,WARD_KILL,SIGHT_WARD,2677225,JDG MISSING
23.851166666666668,WARD_PLACED,CONTROL_WARD,2677225,BLG Elk
23.8647,WARD_KILL,BLUE_TRINKET,2677225,BLG Elk
24.0536,WARD_KILL,YELLOW_TRINKET,2677225,JDG Kanavi
24.086966666666665,WARD_PLACED,CONTROL_WARD,2677225,JDG MISSING
24.1825,WARD_PLACED,SIGHT_WARD,2677225,JDG MISSING
24.323066666666666,WARD_PLACED,SIGHT_WARD,2677225,JDG MISSING
24.791433333333334,WARD_KILL,CONTROL_WARD,2677225,JDG knight
24.792,WARD_PLACED,BLUE_TRINKET,2677225,BLG Yagao
24.850433333333335,WARD_PLACED,BLUE_TRINKET,2677225,BLG Elk
24.9358,WARD_PLACED,YELLOW_TRINKET,2677225,BLG Bin
25.153983333333333,WARD_PLACED,SIGHT_WARD,2677225,JDG MISSING
25.162866666666666,WARD_PLACED,SIGHT_WARD,2677225,JDG MISSING
25.282233333333334,WARD_PLACED,SIGHT_WARD,2677225,BLG ON
25.346133333333334,WARD_PLACED,BLUE_TRINKET,2677225,JDG Ruler
25.35945,WARD_PLACED,SIGHT_WARD,2677225,JDG MISSING
25.411616666666667,WARD_PLACED,SIGHT_WARD,2677225,BLG ON
25.44825,WARD_PLACED,CONTROL_WARD,2677225,JDG Kanavi
25.45381666666667,WARD_PLACED,SIGHT_WARD,2677225,JDG MISSING
25.502116666666666,WARD_KILL,BLUE_TRINKET,2677225,JDG Ruler
1.3777166666666667,WARD_PLACED,YELLOW_TRINKET,2677229,BLG Elk
1.3921833333333333,WARD_PLACED,YELLOW_TRINKET,2677229,JDG 369
1.4511166666666666,WARD_PLACED,YELLOW_TRINKET,2677229,JDG Ruler
1.4762,WARD_PLACED,YELLOW_TRINKET,2677229,BLG Yagao
1.55075,WARD_PLACED,YELLOW_TRINKET,2677229,JDG knight
1.9159166666666667,WARD_PLACED,YELLOW_TRINKET,2677229,JDG Kanavi
1.9865166666666667,WARD_KILL,YELLOW_TRINKET,2677229,BLG Elk
1.9865166666666667,WARD_PLACED,UNDEFINED,2677229,BLG ON
2.142733333333333,WARD_KILL,UNDEFINED,2677229,JDG Kanavi
2.86475,WARD_PLACED,CONTROL_WARD,2677229,BLG XUN
3.1982166666666667,WARD_PLACED,YELLOW_TRINKET,2677229,JDG Ruler
3.2537333333333334,WARD_PLACED,YELLOW_TRINKET,2677229,JDG Kanavi
3.685233333333333,WARD_PLACED,YELLOW_TRINKET,2677229,BLG Bin
3.705783333333333,WARD_PLACED,YELLOW_TRINKET,2677229,JDG knight
3.8568166666666666,WARD_PLACED,CONTROL_WARD,2677229,JDG MISSING
4.039833333333333,WARD_PLACED,YELLOW_TRINKET,2677229,BLG Yagao
4.183433333333333,WARD_KILL,YELLOW_TRINKET,2677229,BLG Yagao
4.916516666666666,WARD_PLACED,CONTROL_WARD,2677229,JDG knight
5.13315,WARD_PLACED,YELLOW_TRINKET,2677229,JDG 369
5.265383333333333,WARD_KILL,CONTROL_WARD,2677229,BLG ON
5.265383333333333,WARD_PLACED,UNDEFINED,2677229,BLG ON
5.725733333333333,WARD_KILL,UNDEFINED,2677229,JDG Kanavi
5.93155,WARD_PLACED,CONTROL_WARD,2677229,JDG Kanavi
5.96105,WARD_KILL,CONTROL_WARD,2677229,BLG ON
5.96105,WARD_PLACED,UNDEFINED,2677229,BLG ON
6.021116666666667,WARD_PLACED,YELLOW_TRINKET,2677229,BLG Elk
6.119533333333333,WARD_PLACED,CONTROL_WARD,2677229,BLG XUN
6.2384,WARD_KILL,CONTROL_WARD,2677229,JDG knight
6.557283333333333,WARD_KILL,CONTROL_WARD,2677229,BLG ON
6.557283333333333,WARD_PLACED,UNDEFINED,2677229,BLG ON
7.021633333333333,WARD_PLACED,YELLOW_TRINKET,2677229,BLG Bin
7.029933333333333,WARD_PLACED,YELLOW_TRINKET,2677229,JDG 369
7.063366666666667,WARD_PLACED,CONTROL_WARD,2677229,BLG XUN
7.168466666666666,WARD_PLACED,CONTROL_WARD,2677229,JDG 369
7.649816666666666,WARD_PLACED,YELLOW_TRINKET,2677229,JDG Ruler
7.668233333333333,WARD_PLACED,YELLOW_TRINKET,2677229,BLG Yagao
7.7954,WARD_PLACED,CONTROL_WARD,2677229,BLG Yagao
7.8405,WARD_PLACED,YELLOW_TRINKET,2677229,BLG Elk
7.9238333333333335,WARD_KILL,UNDEFINED,2677229,JDG Ruler
8.52185,WARD_PLACED,SIGHT_WARD,2677229,JDG MISSING
8.614283333333333,WARD_PLACED,CONTROL_WARD,2677229,JDG Kanavi
8.7004,WARD_KILL,CONTROL_WARD,2677229,JDG knight
8.941333333333333,WARD_PLACED,YELLOW_TRINKET,2677229,BLG Yagao
9.320866666666667,WARD_PLACED,CONTROL_WARD,2677229,BLG ON
9.41425,WARD_PLACED,YELLOW_TRINKET,2677229,JDG Ruler
9.546633333333334,WARD_KILL,CONTROL_WARD,2677229,JDG Kanavi
9.6245,WARD_PLACED,YELLOW_TRINKET,2677229,JDG 369
9.653883333333333,WARD_PLACED,CONTROL_WARD,2677229,BLG ON
9.692666666666666,WARD_PLACED,CONTROL_WARD,2677229,JDG MISSING
9.818266666666666,WARD_KILL,YELLOW_TRINKET,2677229,BLG ON
9.818266666666666,WARD_PLACED,UNDEFINED,2677229,BLG ON
9.94885,WARD_PLACED,SIGHT_WARD,2677229,JDG MISSING
9.991166666666667,WARD_PLACED,CONTROL_WARD,2677229,BLG Yagao
10.01225,WARD_PLACED,SIGHT_WARD,2677229,BLG ON
10.0317,WARD_KILL,CONTROL_WARD,2677229,BLG ON
10.0317,WARD_PLACED,UNDEFINED,2677229,BLG ON
10.0906,WARD_PLACED,YELLOW_TRINKET,2677229,BLG Elk
10.151116666666667,WARD_PLACED,SIGHT_WARD,2677229,JDG MISSING
10.337266666666666,WARD_KILL,SIGHT_WARD,2677229,BLG Elk
10.337266666666666,WARD_PLACED,UNDEFINED,2677229,BLG ON
10.3762,WARD_KILL,UNDEFINED,2677229,JDG MISSING
10.46885,WARD_KILL,YELLOW_TRINKET,2677229,JDG Ruler
10.5494,WARD_KILL,UNDEFINED,2677229,JDG MISSING
10.579333333333333,WARD_PLACED,CONTROL_WARD,2677229,JDG 369
10.646,WARD_PLACED,SIGHT_WARD,2677229,JDG MISSING
11.1612,WARD_KILL,CONTROL_WARD,2677229,BLG XUN
11.195,WARD_PLACED,SIGHT_WARD,2677229,BLG ON
11.217783333333333,WARD_PLACED,CONTROL_WARD,2677229,BLG XUN
11.360216666666666,WARD_PLACED,YELLOW_TRINKET,2677229,BLG Bin
11.38205,WARD_PLACED,CONTROL_WARD,2677229,BLG ON
11.453833333333334,WARD_KILL,SIGHT_WARD,2677229,BLG ON
11.453833333333334,WARD_PLACED,UNDEFINED,2677229,BLG ON
11.633433333333333,WARD_PLACED,CONTROL_WARD,2677229,BLG Bin
12.057183333333333,WARD_KILL,SIGHT_WARD,2677229,JDG MISSING
12.069466666666667,WARD_PLACED,SIGHT_WARD,2677229,JDG MISSING
12.126166666666666,WARD_PLACED,SIGHT_WARD,2677229,JDG MISSING
12.24975,WARD_PLACED,SIGHT_WARD,2677229,JDG MISSING
12.275333333333334,WARD_PLACED,SIGHT_WARD,2677229,BLG ON
12.289166666666667,WARD_PLACED,YELLOW_TRINKET,2677229,BLG Yagao
12.3676,WARD_KILL,SIGHT_WARD,2677229,BLG ON
12.3676,WARD_PLACED,UNDEFINED,2677229,BLG ON
12.4833,WARD_PLACED,CONTROL_WARD,2677229,BLG ON
12.499366666666667,WARD_KILL,SIGHT_WARD,2677229,BLG ON
12.499366666666667,WARD_PLACED,UNDEFINED,2677229,BLG ON
12.528783333333333,WARD_PLACED,SIGHT_WARD,2677229,BLG ON
12.77045,WARD_PLACED,CONTROL_WARD,2677229,JDG Ruler
12.867633333333334,WARD_PLACED,CONTROL_WARD,2677229,JDG MISSING
12.907666666666668,WARD_PLACED,YELLOW_TRINKET,2677229,JDG Ruler
12.925483333333334,WARD_PLACED,YELLOW_TRINKET,2677229,BLG Elk
12.971683333333333,WARD_KILL,CONTROL_WARD,2677229,BLG ON
12.971683333333333,WARD_PLACED,UNDEFINED,2677229,BLG ON
12.997316666666666,WARD_KILL,UNDEFINED,2677229,JDG MISSING
13.0211,WARD_KILL,UNDEFINED,2677229,JDG Ruler
13.2451,WARD_KILL,CONTROL_WARD,2677229,BLG Bin
13.257316666666666,WARD_KILL,SIGHT_WARD,2677229,JDG Kanavi
13.353,WARD_KILL,SIGHT_WARD,2677229,JDG Kanavi
13.360733333333334,WARD_KILL,SIGHT_WARD,2677229,BLG Yagao
13.360733333333334,WARD_PLACED,UNDEFINED,2677229,BLG ON
13.3735,WARD_KILL,UNDEFINED,2677229,JDG Kanavi
13.461733333333333,WARD_KILL,UNDEFINED,2677229,JDG knight
13.4912,WARD_KILL,YELLOW_TRINKET,2677229,JDG Ruler
13.68965,WARD_KILL,CONTROL_WARD,2677229,JDG Kanavi
13.751883333333334,WARD_PLACED,BLUE_TRINKET,2677229,BLG Yagao
13.9726,WARD_PLACED,CONTROL_WARD,2677229,BLG Bin
14.008466666666667,WARD_KILL,CONTROL_WARD,2677229,JDG Kanavi
14.0864,WARD_PLACED,CONTROL_WARD,2677229,BLG Yagao
14.30405,WARD_PLACED,YELLOW_TRINKET,2677229,BLG Bin
14.369633333333333,WARD_PLACED,SIGHT_WARD,2677229,JDG MISSING
14.515166666666667,WARD_KILL,CONTROL_WARD,2677229,JDG Kanavi
14.5157,WARD_PLACED,YELLOW_TRINKET,2677229,JDG 369
14.526833333333334,WARD_KILL,CONTROL_WARD,2677229,BLG ON
14.526833333333334,WARD_PLACED,UNDEFINED,2677229,BLG ON
14.582433333333332,WARD_PLACED,SIGHT_WARD,2677229,JDG MISSING
14.623533333333333,WARD_PLACED,YELLOW_TRINKET,2677229,BLG Bin
14.803716666666666,WARD_KILL,YELLOW_TRINKET,2677229,JDG Kanavi
14.84385,WARD_PLACED,BLUE_TRINKET,2677229,JDG Ruler
14.887283333333333,WARD_PLACED,SIGHT_WARD,2677229,JDG MISSING
14.980716666666666,WARD_PLACED,CONTROL_WARD,2677229,BLG XUN
15.12245,WARD_KILL,SIGHT_WARD,2677229,BLG Bin
15.36285,WARD_KILL,SIGHT_WARD,2677229,BLG ON
15.36285,WARD_PLACED,UNDEFINED,2677229,BLG ON
15.403333333333334,WARD_PLACED,CONTROL_WARD,2677229,JDG MISSING
15.40945,WARD_PLACED,CONTROL_WARD,2677229,BLG ON
15.6052,WARD_PLACED,YELLOW_TRINKET,2677229,JDG 369
15.656833333333333,WARD_KILL,CONTROL_WARD,2677229,BLG Yagao
15.805883333333334,WARD_KILL,CONTROL_WARD,2677229,JDG knight
15.84885,WARD_PLACED,CONTROL_WARD,2677229,BLG ON
15.86835,WARD_PLACED,SIGHT_WARD,2677229,BLG ON
15.88335,WARD_PLACED,CONTROL_WARD,2677229,JDG MISSING
15.987666666666666,WARD_KILL,SIGHT_WARD,2677229,JDG MISSING
16.2653,WARD_KILL,CONTROL_WARD,2677229,BLG ON
16.2653,WARD_PLACED,UNDEFINED,2677229,BLG ON
16.28925,WARD_KILL,UNDEFINED,2677229,JDG knight
16.3238,WARD_PLACED,SIGHT_WARD,2677229,BLG ON
16.329883333333335,WARD_KILL,BLUE_TRINKET,2677229,JDG knight
16.392083333333332,WARD_PLACED,BLUE_TRINKET,2677229,BLG Yagao
16.40375,WARD_PLACED,SIGHT_WARD,2677229,BLG ON
16.4867,WARD_KILL,BLUE_TRINKET,2677229,BLG XUN
16.721583333333335,WARD_PLACED,SIGHT_WARD,2677229,JDG MISSING
16.721583333333335,WARD_PLACED,SIGHT_WARD,2677229,BLG ON
16.776583333333335,WARD_KILL,SIGHT_WARD,2677229,JDG Kanavi
16.803316666666667,WARD_KILL,BLUE_TRINKET,2677229,JDG Kanavi
16.872016666666667,WARD_PLACED,SIGHT_WARD,2677229,JDG MISSING
16.889783333333334,WARD_PLACED,CONTROL_WARD,2677229,JDG MISSING
16.95575,WARD_KILL,SIGHT_WARD,2677229,JDG MISSING
17.032083333333333,WARD_PLACED,SIGHT_WARD,2677229,JDG MISSING
17.413666666666668,WARD_PLACED,BLUE_TRINKET,2677229,JDG Ruler
17.428116666666668,WARD_PLACED,YELLOW_TRINKET,2677229,JDG 369
17.641883333333332,WARD_PLACED,SIGHT_WARD,2677229,BLG ON
17.681383333333333,WARD_PLACED,CONTROL_WARD,2677229,JDG Ruler
17.784716666666668,WARD_PLACED,SIGHT_WARD,2677229,BLG ON
17.797516666666667,WARD_KILL,CONTROL_WARD,2677229,BLG Elk
17.797516666666667,WARD_PLACED,UNDEFINED,2677229,BLG ON
17.826866666666668,WARD_PLACED,CONTROL_WARD,2677229,JDG Kanavi
17.835266666666666,WARD_PLACED,CONTROL_WARD,2677229,JDG MISSING
17.854683333333334,WARD_PLACED,BLUE_TRINKET,2677229,BLG Elk
17.874116666666666,WARD_KILL,BLUE_TRINKET,2677229,JDG Kanavi
17.956833333333332,WARD_KILL,SIGHT_WARD,2677229,JDG MISSING
18.029866666666667,WARD_PLACED,BLUE_TRINKET,2677229,BLG Bin
18.237383333333334,WARD_PLACED,SIGHT_WARD,2677229,BLG ON
18.299133333333334,WARD_PLACED,SIGHT_WARD,2677229,BLG ON
18.325233333333333,WARD_KILL,SIGHT_WARD,2677229,JDG MISSING
18.519766666666666,WARD_KILL,CONTROL_WARD,2677229,BLG Bin
18.622966666666667,WARD_PLACED,CONTROL_WARD,2677229,BLG Bin
18.775216666666665,WARD_PLACED,BLUE_TRINKET,2677229,BLG Yagao
19.1399,WARD_KILL,SIGHT_WARD,2677229,JDG MISSING
19.232066666666668,WARD_KILL,SIGHT_WARD,2677229,JDG Kanavi
19.550133333333335,WARD_PLACED,YELLOW_TRINKET,2677229,JDG 369
19.823533333333334,WARD_PLACED,CONTROL_WARD,2677229,BLG Bin
20.135266666666666,WARD_KILL,YELLOW_TRINKET,2677229,BLG Bin
20.135266666666666,WARD_PLACED,UNDEFINED,2677229,BLG ON
20.268183333333333,WARD_PLACED,CONTROL_WARD,2677229,BLG ON
20.288216666666667,WARD_PLACED,BLUE_TRINKET,2677229,BLG Bin
20.3343,WARD_PLACED,SIGHT_WARD,2677229,BLG ON
20.62365,WARD_PLACED,SIGHT_WARD,2677229,BLG ON
20.6314,WARD_PLACED,CONTROL_WARD,2677229,JDG MISSING
20.698166666666665,WARD_KILL,SIGHT_WARD,2677229,JDG 369
20.71375,WARD_PLACED,SIGHT_WARD,2677229,BLG ON
20.78485,WARD_KILL,CONTROL_WARD,2677229,JDG MISSING
20.813766666666666,WARD_PLACED,BLUE_TRINKET,2677229,JDG Ruler
20.817116666666667,WARD_PLACED,SIGHT_WARD,2677229,BLG ON
20.827683333333333,WARD_PLACED,CONTROL_WARD,2677229,BLG XUN
20.860883333333334,WARD_KILL,CONTROL_WARD,2677229,JDG MISSING
20.8805,WARD_PLACED,SIGHT_WARD,2677229,JDG MISSING
20.923866666666665,WARD_KILL,SIGHT_WARD,2677229,JDG Kanavi
20.970066666666668,WARD_PLACED,SIGHT_WARD,2677229,JDG MISSING
21.037733333333332,WARD_PLACED,SIGHT_WARD,2677229,JDG MISSING
21.038283333333332,WARD_PLACED,BLUE_TRINKET,2677229,BLG Yagao
21.40475,WARD_KILL,BLUE_TRINKET,2677229,JDG Kanavi
21.439216666666667,WARD_KILL,BLUE_TRINKET,2677229,JDG 369
21.44695,WARD_KILL,SIGHT_WARD,2677229,BLG Elk
21.44695,WARD_PLACED,UNDEFINED,2677229,BLG ON
21.5137,WARD_PLACED,SIGHT_WARD,2677229,BLG ON
21.523716666666665,WARD_KILL,BLUE_TRINKET,2677229,JDG knight
21.543766666666667,WARD_KILL,SIGHT_WARD,2677229,BLG Elk
21.543766666666667,WARD_PLACED,UNDEFINED,2677229,BLG ON
21.593166666666665,WARD_PLACED,CONTROL_WARD,2677229,BLG ON
21.620466666666665,WARD_PLACED,CONTROL_WARD,2677229,JDG Kanavi
21.644883333333333,WARD_KILL,SIGHT_WARD,2677229,BLG Elk
21.644883333333333,WARD_PLACED,UNDEFINED,2677229,BLG ON
21.66555,WARD_KILL,SIGHT_WARD,2677229,JDG Kanavi
21.8557,WARD_KILL,CONTROL_WARD,2677229,BLG ON
21.8557,WARD_PLACED,UNDEFINED,2677229,BLG ON
21.871983333333333,WARD_PLACED,SIGHT_WARD,2677229,JDG MISSING
21.909783333333333,WARD_PLACED,SIGHT_WARD,2677229,BLG ON
21.9592,WARD_KILL,SIGHT_WARD,2677229,JDG Ruler
22.03386666666667,WARD_PLACED,YELLOW_TRINKET,2677229,JDG 369
22.05826666666667,WARD_PLACED,SIGHT_WARD,2677229,BLG ON
22.11715,WARD_KILL,CONTROL_WARD,2677229,BLG Elk
22.1727,WARD_PLACED,CONTROL_WARD,2677229,BLG XUN
22.206566666666667,WARD_KILL,SIGHT_WARD,2677229,JDG Kanavi
22.211566666666666,WARD_KILL,SIGHT_WARD,2677229,BLG Yagao
22.304033333333333,WARD_KILL,SIGHT_WARD,2677229,JDG MISSING
22.34245,WARD_PLACED,CONTROL_WARD,2677229,JDG knight
22.369216666666667,WARD_KILL,UNDEFINED,2677229,JDG knight
22.43095,WARD_KILL,SIGHT_WARD,2677229,JDG knight
22.5943,WARD_PLACED,CONTROL_WARD,2677229,JDG 369
22.667783333333333,WARD_KILL,CONTROL_WARD,2677229,JDG Ruler
22.7011,WARD_KILL,UNDEFINED,2677229,JDG Kanavi
22.73945,WARD_KILL,YELLOW_TRINKET,2677229,BLG Bin
22.773966666666666,WARD_PLACED,SIGHT_WARD,2677229,BLG ON
22.807866666666666,WARD_KILL,SIGHT_WARD,2677229,JDG Ruler
22.87015,WARD_PLACED,SIGHT_WARD,2677229,JDG MISSING
22.945783333333335,WARD_KILL,SIGHT_WARD,2677229,BLG Elk
22.945783333333335,WARD_PLACED,UNDEFINED,2677229,BLG ON
23.0116,WARD_KILL,UNDEFINED,2677229,JDG Ruler
23.0489,WARD_PLACED,SIGHT_WARD,2677229,JDG MISSING
23.221816666666665,WARD_PLACED,BLUE_TRINKET,2677229,BLG Elk
23.234583333333333,WARD_PLACED,CONTROL_WARD,2677229,JDG MISSING
23.3118,WARD_KILL,BLUE_TRINKET,2677229,JDG MISSING
23.340083333333332,WARD_PLACED,SIGHT_WARD,2677229,JDG MISSING
23.360116666666666,WARD_PLACED,BLUE_TRINKET,2677229,BLG Yagao
23.489066666666666,WARD_KILL,CONTROL_WARD,2677229,BLG ON
23.489066666666666,WARD_PLACED,UNDEFINED,2677229,BLG ON
23.515066666666666,WARD_KILL,BLUE_TRINKET,2677229,BLG Yagao
23.608033333333335,WARD_KILL,CONTROL_WARD,2677229,BLG ON
23.608033333333335,WARD_PLACED,UNDEFINED,2677229,BLG ON
23.901483333333335,WARD_KILL,CONTROL_WARD,2677229,JDG MISSING
24.029666666666667,WARD_PLACED,CONTROL_WARD,2677229,JDG knight
24.155733333333334,WARD_PLACED,CONTROL_WARD,2677229,JDG Kanavi
24.2164,WARD_PLACED,CONTROL_WARD,2677229,JDG Ruler
24.245266666666666,WARD_PLACED,CONTROL_WARD,2677229,JDG MISSING
24.27975,WARD_PLACED,BLUE_TRINKET,2677229,JDG Ruler
24.2848,WARD_KILL,BLUE_TRINKET,2677229,BLG ON
24.2848,WARD_PLACED,UNDEFINED,2677229,BLG ON
24.3148,WARD_KILL,BLUE_TRINKET,2677229,BLG XUN
24.3165,WARD_PLACED,SIGHT_WARD,2677229,BLG ON
24.340466666666668,WARD_PLACED,CONTROL_WARD,2677229,BLG Yagao
24.35655,WARD_KILL,BLUE_TRINKET,2677229,JDG Ruler
24.36766666666667,WARD_KILL,UNDEFINED,2677229,JDG Ruler
24.46235,WARD_PLACED,SIGHT_WARD,2677229,BLG ON
24.498483333333333,WARD_PLACED,CONTROL_WARD,2677229,JDG 369
24.600816666666667,WARD_PLACED,CONTROL_WARD,2677229,JDG Kanavi
24.613,WARD_PLACED,CONTROL_WARD,2677229,BLG ON
24.625766666666667,WARD_KILL,UNDEFINED,2677229,JDG 369
24.655333333333335,WARD_KILL,SIGHT_WARD,2677229,JDG Kanavi
24.673733333333335,WARD_KILL,SIGHT_WARD,2677229,BLG ON
24.673733333333335,WARD_PLACED,UNDEFINED,2677229,BLG ON
24.720933333333335,WARD_KILL,UNDEFINED,2677229,JDG Ruler
24.76925,WARD_PLACED,CONTROL_WARD,2677229,BLG XUN
24.798166666666667,WARD_KILL,CONTROL_WARD,2677229,JDG Ruler
24.952983333333332,WARD_PLACED,SIGHT_WARD,2677229,JDG MISSING
24.999883333333333,WARD_PLACED,CONTROL_WARD,2677229,BLG ON
25.052883333333334,WARD_KILL,CONTROL_WARD,2677229,JDG Ruler
25.08735,WARD_KILL,CONTROL_WARD,2677229,BLG XUN
25.14955,WARD_PLACED,SIGHT_WARD,2677229,BLG ON
25.198433333333334,WARD_KILL,SIGHT_WARD,2677229,JDG Ruler
25.23635,WARD_PLACED,SIGHT_WARD,2677229,JDG MISSING
25.27365,WARD_PLACED,SIGHT_WARD,2677229,BLG ON
25.3026,WARD_KILL,CONTROL_WARD,2677229,BLG ON
25.3026,WARD_PLACED,UNDEFINED,2677229,BLG ON
25.317566666666668,WARD_PLACED,BLUE_TRINKET,2677229,JDG 369
25.3599,WARD_KILL,BLUE_TRINKET,2677229,BLG Elk
25.38765,WARD_PLACED,CONTROL_WARD,2677229,JDG Ruler
25.4528,WARD_PLACED,BLUE_TRINKET,2677229,BLG Elk
25.5974,WARD_PLACED,BLUE_TRINKET,2677229,BLG Yagao
25.603483333333333,WARD_KILL,BLUE_TRINKET,2677229,JDG Kanavi
25.623516666666667,WARD_PLACED,SIGHT_WARD,2677229,JDG MISSING
25.67145,WARD_PLACED,SIGHT_WARD,2677229,JDG MISSING
25.699316666666668,WARD_PLACED,CONTROL_WARD,2677229,JDG MISSING
25.985083333333332,WARD_KILL,BLUE_TRINKET,2677229,JDG MISSING
26.110416666666666,WARD_KILL,CONTROL_WARD,2677229,BLG ON
26.110416666666666,WARD_PLACED,UNDEFINED,2677229,BLG ON
26.28745,WARD_KILL,BLUE_TRINKET,2677229,JDG Kanavi
26.296916666666668,WARD_KILL,CONTROL_WARD,2677229,BLG Bin
26.31465,WARD_KILL,SIGHT_WARD,2677229,BLG Bin
26.394683333333333,WARD_PLACED,BLUE_TRINKET,2677229,BLG Bin
26.726733333333332,WARD_PLACED,CONTROL_WARD,2677229,BLG Bin
26.7523,WARD_PLACED,SIGHT_WARD,2677229,BLG ON
26.8416,WARD_PLACED,SIGHT_WARD,2677229,BLG ON
26.897283333333334,WARD_PLACED,SIGHT_WARD,2677229,BLG ON
26.9335,WARD_KILL,CONTROL_WARD,2677229,BLG ON
26.9335,WARD_PLACED,UNDEFINED,2677229,BLG ON
26.9708,WARD_KILL,SIGHT_WARD,2677229,JDG Kanavi
27.004133333333332,WARD_PLACED,SIGHT_WARD,2677229,JDG MISSING
27.022266666666667,WARD_PLACED,CONTROL_WARD,2677229,JDG 369
27.0239,WARD_PLACED,SIGHT_WARD,2677229,BLG ON
27.034483333333334,WARD_KILL,SIGHT_WARD,2677229,JDG Kanavi
27.0495,WARD_KILL,UNDEFINED,2677229,JDG Kanavi
27.099033333333335,WARD_PLACED,CONTROL_WARD,2677229,JDG knight
27.1202,WARD_PLACED,SIGHT_WARD,2677229,JDG MISSING
27.12695,WARD_PLACED,CONTROL_WARD,2677229,JDG Kanavi
27.136966666666666,WARD_KILL,SIGHT_WARD,2677229,JDG Kanavi
27.16358333333333,WARD_PLACED,SIGHT_WARD,2677229,JDG MISSING
27.244366666666668,WARD_PLACED,CONTROL_WARD,2677229,BLG Yagao
27.248283333333333,WARD_PLACED,CONTROL_WARD,2677229,JDG MISSING
27.359,WARD_PLACED,SIGHT_WARD,2677229,JDG MISSING
27.360116666666666,WARD_PLACED,CONTROL_WARD,2677229,BLG Elk
27.416216666666667,WARD_KILL,CONTROL_WARD,2677229,JDG knight
27.545083333333334,WARD_PLACED,CONTROL_WARD,2677229,JDG MISSING
27.570166666666665,WARD_PLACED,BLUE_TRINKET,2677229,BLG Yagao
27.5802,WARD_PLACED,BLUE_TRINKET,2677229,JDG Ruler
27.5919,WARD_KILL,BLUE_TRINKET,2677229,JDG Kanavi
27.6241,WARD_KILL,CONTROL_WARD,2677229,BLG Elk
27.668533333333333,WARD_PLACED,SIGHT_WARD,2677229,BLG ON
27.67185,WARD_PLACED,CONTROL_WARD,2677229,BLG ON
27.68405,WARD_PLACED,SIGHT_WARD,2677229,BLG ON
27.694566666666667,WARD_PLACED,SIGHT_WARD,2677229,BLG ON
27.714033333333333,WARD_PLACED,CONTROL_WARD,2677229,BLG ON
28.0193,WARD_PLACED,SIGHT_WARD,2677229,BLG ON
28.098166666666668,WARD_PLACED,CONTROL_WARD,2677229,JDG MISSING
28.171633333333332,WARD_KILL,SIGHT_WARD,2677229,JDG Ruler
28.26718333333333,WARD_PLACED,BLUE_TRINKET,2677229,JDG 369
28.3055,WARD_PLACED,BLUE_TRINKET,2677229,BLG Bin
28.324666666666666,WARD_KILL,BLUE_TRINKET,2677229,JDG Ruler
28.437066666666666,WARD_PLACED,SIGHT_WARD,2677229,JDG MISSING
28.903066666666668,WARD_KILL,CONTROL_WARD,2677229,JDG Kanavi
28.936116666666667,WARD_KILL,CONTROL_WARD,2677229,BLG Bin
29.096966666666667,WARD_KILL,BLUE_TRINKET,2677229,BLG ON
29.096966666666667,WARD_PLACED,UNDEFINED,2677229,BLG ON
29.5439,WARD_PLACED,BLUE_TRINKET,2677229,BLG Yagao
29.68955,WARD_PLACED,CONTROL_WARD,2677229,JDG Ruler
29.8186,WARD_PLACED,CONTROL_WARD,2677229,JDG Ruler
29.872516666666666,WARD_PLACED,SIGHT_WARD,2677229,JDG MISSING
29.94475,WARD_PLACED,SIGHT_WARD,2677229,JDG MISSING
29.960866666666668,WARD_PLACED,SIGHT_WARD,2677229,JDG MISSING
29.97586666666667,WARD_PLACED,SIGHT_WARD,2677229,BLG ON
29.994266666666668,WARD_KILL,CONTROL_WARD,2677229,JDG Kanavi
30.025966666666665,WARD_KILL,SIGHT_WARD,2677229,BLG ON
30.025966666666665,WARD_PLACED,UNDEFINED,2677229,BLG ON
30.117216666666668,WARD_PLACED,SIGHT_WARD,2677229,JDG MISSING
30.140016666666668,WARD_KILL,SIGHT_WARD,2677229,BLG Elk
30.151766666666667,WARD_PLACED,CONTROL_WARD,2677229,BLG ON
30.167883333333332,WARD_KILL,SIGHT_WARD,2677229,JDG knight
30.16955,WARD_PLACED,SIGHT_WARD,2677229,BLG ON
30.2216,WARD_KILL,CONTROL_WARD,2677229,BLG Elk
30.2216,WARD_PLACED,UNDEFINED,2677229,BLG ON
30.25555,WARD_PLACED,BLUE_TRINKET,2677229,BLG Elk
30.263366666666666,WARD_KILL,SIGHT_WARD,2677229,BLG ON
30.263366666666666,WARD_PLACED,UNDEFINED,2677229,BLG ON
30.297283333333333,WARD_PLACED,SIGHT_WARD,2677229,BLG ON
30.30666666666667,WARD_PLACED,CONTROL_WARD,2677229,JDG 369
30.317216666666667,WARD_KILL,SIGHT_WARD,2677229,JDG Ruler
30.351816666666668,WARD_KILL,SIGHT_WARD,2677229,JDG Ruler
30.36185,WARD_KILL,UNDEFINED,2677229,JDG 369
30.375216666666667,WARD_PLACED,SIGHT_WARD,2677229,JDG MISSING
30.4192,WARD_PLACED,SIGHT_WARD,2677229,JDG MISSING
30.430983333333334,WARD_KILL,CONTROL_WARD,2677229,BLG ON
30.430983333333334,WARD_PLACED,UNDEFINED,2677229,BLG ON
30.439916666666665,WARD_PLACED,CONTROL_WARD,2677229,BLG ON
30.50225,WARD_PLACED,CONTROL_WARD,2677229,BLG Yagao
30.504466666666666,WARD_PLACED,SIGHT_WARD,2677229,JDG MISSING
30.520083333333332,WARD_PLACED,CONTROL_WARD,2677229,JDG MISSING
30.60425,WARD_PLACED,CONTROL_WARD,2677229,BLG Bin
31.082216666666667,WARD_PLACED,CONTROL_WARD,2677229,BLG Elk
31.116016666666667,WARD_PLACED,SIGHT_WARD,2677229,BLG ON
31.127116666666666,WARD_PLACED,UNDEFINED,2677229,BLG ON
1.1187833333333332,WARD_PLACED,YELLOW_TRINKET,2677230,BLG XUN
1.5931,WARD_PLACED,YELLOW_TRINKET,2677230,JDG 369
1.77505,WARD_PLACED,YELLOW_TRINKET,2677230,BLG Elk
2.3982666666666668,WARD_PLACED,YELLOW_TRINKET,2677230,BLG Bin
2.5099,WARD_PLACED,YELLOW_TRINKET,2677230,JDG knight
2.6266,WARD_PLACED,YELLOW_TRINKET,2677230,BLG Yagao
3.5311333333333335,WARD_PLACED,YELLOW_TRINKET,2677230,JDG Ruler
3.638533333333333,WARD_PLACED,YELLOW_TRINKET,2677230,JDG knight
3.7293,WARD_PLACED,YELLOW_TRINKET,2677230,BLG XUN
3.994866666666667,WARD_PLACED,YELLOW_TRINKET,2677230,BLG Elk
4.45705,WARD_PLACED,YELLOW_TRINKET,2677230,JDG Kanavi
4.5712166666666665,WARD_PLACED,YELLOW_TRINKET,2677230,JDG 369
4.696833333333333,WARD_PLACED,CONTROL_WARD,2677230,BLG XUN
4.88995,WARD_PLACED,CONTROL_WARD,2677230,BLG ON
4.965683333333334,WARD_PLACED,YELLOW_TRINKET,2677230,BLG Yagao
4.9996,WARD_PLACED,CONTROL_WARD,2677230,BLG Yagao
5.024216666666667,WARD_PLACED,CONTROL_WARD,2677230,JDG knight
5.0409,WARD_KILL,YELLOW_TRINKET,2677230,JDG Ruler
5.131,WARD_KILL,CONTROL_WARD,2677230,BLG Yagao
5.511433333333334,WARD_PLACED,YELLOW_TRINKET,2677230,JDG Kanavi
5.56265,WARD_KILL,CONTROL_WARD,2677230,JDG Ruler
5.9824,WARD_KILL,YELLOW_TRINKET,2677230,BLG XUN
5.9824,WARD_PLACED,UNDEFINED,2677230,BLG XUN
6.0396833333333335,WARD_PLACED,YELLOW_TRINKET,2677230,JDG Ruler
6.914316666666667,WARD_PLACED,CONTROL_WARD,2677230,BLG Bin
6.92045,WARD_KILL,CONTROL_WARD,2677230,JDG Kanavi
7.35725,WARD_PLACED,SIGHT_WARD,2677230,BLG ON
7.4,WARD_PLACED,YELLOW_TRINKET,2677230,BLG Elk
7.540366666666666,WARD_PLACED,CONTROL_WARD,2677230,JDG MISSING
7.5776,WARD_KILL,YELLOW_TRINKET,2677230,BLG ON
7.81105,WARD_PLACED,SIGHT_WARD,2677230,BLG ON
8.008466666666667,WARD_PLACED,YELLOW_TRINKET,2677230,BLG Yagao
8.085133333333333,WARD_PLACED,CONTROL_WARD,2677230,JDG 369
8.090716666666667,WARD_PLACED,CONTROL_WARD,2677230,BLG ON
8.143083333333333,WARD_PLACED,SIGHT_WARD,2677230,BLG ON
8.1864,WARD_KILL,CONTROL_WARD,2677230,JDG Kanavi
8.2616,WARD_PLACED,YELLOW_TRINKET,2677230,BLG Bin
8.277733333333334,WARD_KILL,CONTROL_WARD,2677230,JDG 369
8.2883,WARD_PLACED,YELLOW_TRINKET,2677230,BLG Bin
8.361066666666666,WARD_PLACED,CONTROL_WARD,2677230,JDG Kanavi
8.5217,WARD_KILL,SIGHT_WARD,2677230,JDG Ruler
8.551166666666667,WARD_PLACED,CONTROL_WARD,2677230,BLG Yagao
8.569533333333334,WARD_PLACED,YELLOW_TRINKET,2677230,BLG Yagao
8.719233333333333,WARD_KILL,CONTROL_WARD,2677230,JDG knight
9.0204,WARD_PLACED,CONTROL_WARD,2677230,BLG XUN
9.183683333333333,WARD_PLACED,YELLOW_TRINKET,2677230,JDG Ruler
9.2837,WARD_PLACED,CONTROL_WARD,2677230,JDG Ruler
9.472116666666667,WARD_KILL,SIGHT_WARD,2677230,JDG knight
9.8549,WARD_PLACED,SIGHT_WARD,2677230,BLG ON
9.876,WARD_PLACED,CONTROL_WARD,2677230,BLG Yagao
10.158816666666667,WARD_KILL,YELLOW_TRINKET,2677230,JDG Kanavi
10.3182,WARD_PLACED,YELLOW_TRINKET,2677230,JDG Ruler
10.525083333333333,WARD_PLACED,SIGHT_WARD,2677230,BLG ON
10.550133333333333,WARD_KILL,SIGHT_WARD,2677230,JDG Ruler
10.644433333333334,WARD_PLACED,CONTROL_WARD,2677230,BLG ON
10.6822,WARD_PLACED,CONTROL_WARD,2677230,JDG knight
10.94785,WARD_KILL,CONTROL_WARD,2677230,BLG ON
10.950083333333334,WARD_PLACED,SIGHT_WARD,2677230,BLG ON
11.054716666666666,WARD_KILL,CONTROL_WARD,2677230,BLG XUN
11.054716666666666,WARD_PLACED,UNDEFINED,2677230,BLG XUN
11.1828,WARD_PLACED,SIGHT_WARD,2677230,BLG ON
11.210116666666666,WARD_PLACED,CONTROL_WARD,2677230,JDG MISSING
11.237916666666667,WARD_PLACED,CONTROL_WARD,2677230,JDG Ruler
11.3324,WARD_KILL,CONTROL_WARD,2677230,BLG Yagao
11.409716666666666,WARD_PLACED,YELLOW_TRINKET,2677230,BLG Elk
11.667533333333333,WARD_PLACED,CONTROL_WARD,2677230,JDG Kanavi
11.742066666666666,WARD_KILL,SIGHT_WARD,2677230,JDG knight
11.75155,WARD_PLACED,YELLOW_TRINKET,2677230,JDG 369
11.802016666666667,WARD_PLACED,CONTROL_WARD,2677230,JDG MISSING
11.81815,WARD_PLACED,YELLOW_TRINKET,2677230,BLG Yagao
11.83495,WARD_PLACED,SIGHT_WARD,2677230,JDG MISSING
11.96815,WARD_KILL,YELLOW_TRINKET,2677230,JDG Ruler
12.087216666666666,WARD_PLACED,CONTROL_WARD,2677230,BLG ON
12.159383333333333,WARD_PLACED,CONTROL_WARD,2677230,BLG XUN
12.1794,WARD_KILL,YELLOW_TRINKET,2677230,JDG Kanavi
12.2494,WARD_KILL,CONTROL_WARD,2677230,JDG Kanavi
12.255033333333333,WARD_PLACED,SIGHT_WARD,2677230,BLG ON
12.457283333333333,WARD_PLACED,SIGHT_WARD,2677230,BLG ON
12.4951,WARD_KILL,CONTROL_WARD,2677230,BLG Bin
12.524033333333334,WARD_PLACED,YELLOW_TRINKET,2677230,JDG 369
12.8278,WARD_KILL,CONTROL_WARD,2677230,BLG ON
12.853883333333334,WARD_PLACED,YELLOW_TRINKET,2677230,BLG Bin
12.901233333333334,WARD_KILL,SIGHT_WARD,2677230,BLG ON
12.90345,WARD_PLACED,SIGHT_WARD,2677230,BLG ON
12.913983333333332,WARD_PLACED,CONTROL_WARD,2677230,JDG Ruler
12.965716666666667,WARD_KILL,SIGHT_WARD,2677230,JDG MISSING
13.028633333333334,WARD_PLACED,CONTROL_WARD,2677230,JDG MISSING
13.062083333333334,WARD_PLACED,SIGHT_WARD,2677230,JDG MISSING
13.0849,WARD_PLACED,YELLOW_TRINKET,2677230,JDG 369
13.107166666666666,WARD_PLACED,YELLOW_TRINKET,2677230,BLG Elk
13.32515,WARD_PLACED,SIGHT_WARD,2677230,JDG MISSING
13.3869,WARD_PLACED,SIGHT_WARD,2677230,JDG MISSING
13.439216666666667,WARD_KILL,SIGHT_WARD,2677230,BLG XUN
13.439216666666667,WARD_PLACED,UNDEFINED,2677230,BLG XUN
13.582466666666667,WARD_PLACED,CONTROL_WARD,2677230,BLG XUN
13.612983333333334,WARD_KILL,SIGHT_WARD,2677230,BLG XUN
13.612983333333334,WARD_PLACED,UNDEFINED,2677230,BLG XUN
13.642966666666666,WARD_PLACED,CONTROL_WARD,2677230,BLG ON
13.711233333333332,WARD_KILL,SIGHT_WARD,2677230,BLG ON
14.000983333333334,WARD_PLACED,SIGHT_WARD,2677230,BLG ON
14.231816666666667,WARD_PLACED,SIGHT_WARD,2677230,BLG ON
14.265183333333333,WARD_PLACED,YELLOW_TRINKET,2677230,JDG Ruler
14.357533333333333,WARD_PLACED,YELLOW_TRINKET,2677230,BLG Bin
14.523566666666667,WARD_PLACED,BLUE_TRINKET,2677230,BLG Yagao
14.5868,WARD_PLACED,SIGHT_WARD,2677230,BLG ON
14.75495,WARD_PLACED,SIGHT_WARD,2677230,JDG MISSING
14.8128,WARD_KILL,SIGHT_WARD,2677230,JDG Kanavi
14.8962,WARD_PLACED,CONTROL_WARD,2677230,JDG Ruler
14.944033333333334,WARD_PLACED,CONTROL_WARD,2677230,JDG MISSING
14.982383333333333,WARD_PLACED,SIGHT_WARD,2677230,JDG MISSING
15.176666666666666,WARD_KILL,CONTROL_WARD,2677230,JDG Ruler
15.22835,WARD_PLACED,SIGHT_WARD,2677230,JDG MISSING
15.29935,WARD_KILL,CONTROL_WARD,2677230,BLG XUN
15.29935,WARD_PLACED,UNDEFINED,2677230,BLG XUN
15.311,WARD_KILL,BLUE_TRINKET,2677230,JDG knight
15.475316666666666,WARD_KILL,UNDEFINED,2677230,JDG MISSING
15.490266666666667,WARD_PLACED,CONTROL_WARD,2677230,JDG knight
15.575316666666666,WARD_PLACED,BLUE_TRINKET,2677230,BLG Elk
15.680833333333334,WARD_PLACED,CONTROL_WARD,2677230,JDG MISSING
15.922833333333333,WARD_PLACED,CONTROL_WARD,2677230,BLG Elk
15.97855,WARD_KILL,SIGHT_WARD,2677230,BLG Elk
16.091,WARD_PLACED,YELLOW_TRINKET,2677230,JDG 369
16.282616666666666,WARD_PLACED,SIGHT_WARD,2677230,BLG ON
16.29095,WARD_PLACED,BLUE_TRINKET,2677230,JDG Ruler
16.307616666666668,WARD_KILL,BLUE_TRINKET,2677230,BLG Elk
16.546916666666668,WARD_PLACED,SIGHT_WARD,2677230,BLG ON
16.587633333333333,WARD_PLACED,CONTROL_WARD,2677230,JDG MISSING
16.60765,WARD_KILL,CONTROL_WARD,2677230,JDG Ruler
16.627033333333333,WARD_PLACED,SIGHT_WARD,2677230,JDG MISSING
16.68315,WARD_PLACED,SIGHT_WARD,2677230,JDG MISSING
16.68815,WARD_PLACED,CONTROL_WARD,2677230,JDG Ruler
16.720916666666668,WARD_PLACED,SIGHT_WARD,2677230,BLG ON
16.76925,WARD_KILL,SIGHT_WARD,2677230,JDG Ruler
16.839416666666665,WARD_KILL,CONTROL_WARD,2677230,BLG XUN
16.839416666666665,WARD_PLACED,UNDEFINED,2677230,BLG XUN
17.2448,WARD_PLACED,CONTROL_WARD,2677230,BLG ON
17.624,WARD_PLACED,CONTROL_WARD,2677230,JDG Kanavi
17.70565,WARD_PLACED,CONTROL_WARD,2677230,JDG Kanavi
17.759,WARD_PLACED,YELLOW_TRINKET,2677230,BLG Bin
17.800083333333333,WARD_PLACED,BLUE_TRINKET,2677230,BLG Yagao
17.82125,WARD_KILL,BLUE_TRINKET,2677230,JDG knight
17.846216666666667,WARD_PLACED,YELLOW_TRINKET,2677230,JDG 369
17.92115,WARD_KILL,CONTROL_WARD,2677230,JDG Ruler
18.023216666666666,WARD_PLACED,CONTROL_WARD,2677230,BLG Yagao
18.1349,WARD_PLACED,SIGHT_WARD,2677230,JDG MISSING
18.187183333333333,WARD_KILL,CONTROL_WARD,2677230,JDG Kanavi
18.21055,WARD_KILL,BLUE_TRINKET,2677230,JDG Ruler
18.233266666666665,WARD_PLACED,SIGHT_WARD,2677230,JDG MISSING
18.268983333333335,WARD_PLACED,SIGHT_WARD,2677230,JDG MISSING
18.29565,WARD_PLACED,BLUE_TRINKET,2677230,BLG Elk
18.352516666666666,WARD_PLACED,SIGHT_WARD,2677230,BLG ON
18.39816666666667,WARD_KILL,CONTROL_WARD,2677230,BLG Bin
18.514466666666667,WARD_KILL,BLUE_TRINKET,2677230,JDG Ruler
18.6686,WARD_PLACED,CONTROL_WARD,2677230,BLG ON
19.354966666666666,WARD_PLACED,SIGHT_WARD,2677230,BLG ON
19.403983333333333,WARD_PLACED,SIGHT_WARD,2677230,BLG ON
19.438433333333332,WARD_PLACED,BLUE_TRINKET,2677230,BLG Bin
19.441233333333333,WARD_PLACED,CONTROL_WARD,2677230,JDG knight
19.451733333333333,WARD_PLACED,SIGHT_WARD,2677230,JDG MISSING
19.452833333333334,WARD_KILL,BLUE_TRINKET,2677230,JDG Kanavi
19.483966666666667,WARD_KILL,CONTROL_WARD,2677230,JDG Kanavi
19.526233333333334,WARD_PLACED,SIGHT_WARD,2677230,JDG MISSING
19.558366666666668,WARD_KILL,SIGHT_WARD,2677230,BLG Elk
19.641883333333332,WARD_PLACED,SIGHT_WARD,2677230,JDG MISSING
19.742016666666668,WARD_PLACED,CONTROL_WARD,2677230,JDG MISSING
20.086916666666667,WARD_PLACED,BLUE_TRINKET,2677230,BLG Yagao
20.386316666666666,WARD_PLACED,SIGHT_WARD,2677230,BLG ON
20.479816666666668,WARD_PLACED,YELLOW_TRINKET,2677230,JDG 369
20.49813333333333,WARD_PLACED,BLUE_TRINKET,2677230,JDG Ruler
20.534216666666666,WARD_PLACED,CONTROL_WARD,2677230,BLG ON
20.573283333333332,WARD_PLACED,SIGHT_WARD,2677230,BLG ON
20.740183333333334,WARD_PLACED,SIGHT_WARD,2677230,JDG MISSING
20.79635,WARD_PLACED,CONTROL_WARD,2677230,JDG knight
20.816883333333333,WARD_KILL,SIGHT_WARD,2677230,JDG Ruler
20.833516666666668,WARD_PLACED,SIGHT_WARD,2677230,JDG MISSING
20.871466666666667,WARD_PLACED,SIGHT_WARD,2677230,BLG ON
20.917666666666666,WARD_PLACED,SIGHT_WARD,2677230,BLG ON
20.968833333333333,WARD_PLACED,CONTROL_WARD,2677230,JDG Ruler
21.052633333333333,WARD_KILL,CONTROL_WARD,2677230,JDG Ruler
21.165433333333333,WARD_PLACED,CONTROL_WARD,2677230,JDG 369
21.22,WARD_PLACED,BLUE_TRINKET,2677230,BLG Elk
21.243333333333332,WARD_KILL,BLUE_TRINKET,2677230,JDG Kanavi
21.35675,WARD_PLACED,CONTROL_WARD,2677230,BLG XUN
21.4901,WARD_PLACED,SIGHT_WARD,2677230,BLG ON
21.560683333333333,WARD_KILL,CONTROL_WARD,2677230,BLG ON
21.861066666666666,WARD_PLACED,CONTROL_WARD,2677230,JDG knight
21.876066666666667,WARD_KILL,CONTROL_WARD,2677230,JDG MISSING
21.941783333333333,WARD_PLACED,SIGHT_WARD,2677230,BLG ON
22.019633333333335,WARD_KILL,SIGHT_WARD,2677230,JDG Ruler
22.074133333333332,WARD_PLACED,CONTROL_WARD,2677230,JDG Kanavi
22.09085,WARD_PLACED,SIGHT_WARD,2677230,BLG ON
22.120283333333333,WARD_PLACED,SIGHT_WARD,2677230,JDG MISSING
22.1626,WARD_PLACED,CONTROL_WARD,2677230,JDG MISSING
22.17481666666667,WARD_PLACED,CONTROL_WARD,2677230,BLG Bin
22.277166666666666,WARD_PLACED,SIGHT_WARD,2677230,JDG MISSING
22.335066666666666,WARD_PLACED,SIGHT_WARD,2677230,JDG MISSING
22.391366666666666,WARD_KILL,SIGHT_WARD,2677230,BLG Bin
22.40695,WARD_KILL,SIGHT_WARD,2677230,BLG XUN
22.40695,WARD_PLACED,UNDEFINED,2677230,BLG XUN
22.5524,WARD_KILL,CONTROL_WARD,2677230,BLG Bin
22.561316666666666,WARD_PLACED,SIGHT_WARD,2677230,JDG MISSING
22.567983333333334,WARD_KILL,CONTROL_WARD,2677230,BLG Yagao
22.665883333333333,WARD_PLACED,YELLOW_TRINKET,2677230,JDG 369
23.009516666666666,WARD_PLACED,BLUE_TRINKET,2677230,BLG Yagao
23.129516666666667,WARD_PLACED,CONTROL_WARD,2677230,BLG Elk
23.189583333333335,WARD_PLACED,SIGHT_WARD,2677230,BLG ON
23.318133333333332,WARD_KILL,BLUE_TRINKET,2677230,JDG Ruler
23.34035,WARD_KILL,SIGHT_WARD,2677230,JDG MISSING
23.431683333333332,WARD_PLACED,SIGHT_WARD,2677230,BLG ON
23.512333333333334,WARD_PLACED,CONTROL_WARD,2677230,JDG MISSING
23.521216666666668,WARD_PLACED,CONTROL_WARD,2677230,JDG 369
23.557966666666665,WARD_KILL,SIGHT_WARD,2677230,JDG Ruler
23.734066666666667,WARD_PLACED,CONTROL_WARD,2677230,JDG Kanavi
0.5677666666666666,WARD_PLACED,YELLOW_TRINKET,2677232,JDG MISSING
1.5120833333333332,WARD_PLACED,YELLOW_TRINKET,2677232,BLG Yagao
1.7221833333333334,WARD_KILL,YELLOW_TRINKET,2677232,BLG Elk
2.1014333333333335,WARD_PLACED,YELLOW_TRINKET,2677232,JDG knight
2.401866666666667,WARD_PLACED,YELLOW_TRINKET,2677232,JDG 369
2.5671833333333334,WARD_PLACED,YELLOW_TRINKET,2677232,BLG Bin
2.692833333333333,WARD_PLACED,YELLOW_TRINKET,2677232,JDG Ruler
2.8851333333333335,WARD_PLACED,YELLOW_TRINKET,2677232,BLG XUN
3.2919833333333335,WARD_PLACED,YELLOW_TRINKET,2677232,BLG Elk
3.6682166666666665,WARD_PLACED,YELLOW_TRINKET,2677232,JDG knight
3.6821333333333333,WARD_PLACED,YELLOW_TRINKET,2677232,BLG Elk
3.7260333333333335,WARD_PLACED,YELLOW_TRINKET,2677232,BLG Yagao
3.759933333333333,WARD_KILL,YELLOW_TRINKET,2677232,JDG Kanavi
3.7805,WARD_KILL,YELLOW_TRINKET,2677232,BLG Yagao
3.8766333333333334,WARD_KILL,YELLOW_TRINKET,2677232,JDG Kanavi
3.9739333333333335,WARD_PLACED,YELLOW_TRINKET,2677232,JDG Kanavi
4.226366666666666,WARD_PLACED,CONTROL_WARD,2677232,JDG knight
4.39865,WARD_PLACED,YELLOW_TRINKET,2677232,JDG Kanavi
4.5283,WARD_PLACED,YELLOW_TRINKET,2677232,JDG Ruler
4.63735,WARD_PLACED,YELLOW_TRINKET,2677232,BLG XUN
5.31365,WARD_PLACED,CONTROL_WARD,2677232,BLG Yagao
5.605783333333333,WARD_PLACED,CONTROL_WARD,2677232,BLG Elk
6.078783333333333,WARD_PLACED,CONTROL_WARD,2677232,JDG 369
6.106066666666667,WARD_PLACED,YELLOW_TRINKET,2677232,JDG 369
6.148766666666667,WARD_PLACED,CONTROL_WARD,2677232,BLG ON
6.70825,WARD_PLACED,YELLOW_TRINKET,2677232,BLG Bin
6.84145,WARD_PLACED,CONTROL_WARD,2677232,JDG MISSING
7.0024,WARD_KILL,CONTROL_WARD,2677232,BLG XUN
7.07965,WARD_PLACED,CONTROL_WARD,2677232,JDG Kanavi
7.115283333333333,WARD_PLACED,YELLOW_TRINKET,2677232,BLG Elk
7.13315,WARD_PLACED,YELLOW_TRINKET,2677232,JDG knight
7.20275,WARD_PLACED,YELLOW_TRINKET,2677232,JDG 369
7.377833333333333,WARD_KILL,CONTROL_WARD,2677232,JDG knight
7.524733333333334,WARD_KILL,CONTROL_WARD,2677232,JDG Kanavi
8.277766666666666,WARD_PLACED,YELLOW_TRINKET,2677232,JDG Ruler
8.41805,WARD_KILL,CONTROL_WARD,2677232,JDG MISSING
8.428633333333334,WARD_PLACED,SIGHT_WARD,2677232,JDG MISSING
8.866616666666667,WARD_PLACED,CONTROL_WARD,2677232,BLG ON
9.186666666666667,WARD_PLACED,SIGHT_WARD,2677232,JDG MISSING
9.261633333333334,WARD_KILL,CONTROL_WARD,2677232,BLG ON
9.2811,WARD_PLACED,SIGHT_WARD,2677232,BLG ON
9.344583333333333,WARD_PLACED,SIGHT_WARD,2677232,JDG MISSING
9.678683333333334,WARD_PLACED,YELLOW_TRINKET,2677232,JDG 369
9.820433333333334,WARD_KILL,CONTROL_WARD,2677232,JDG knight
9.910383333333334,WARD_PLACED,CONTROL_WARD,2677232,JDG knight
9.985466666666667,WARD_PLACED,YELLOW_TRINKET,2677232,BLG Elk
10.112266666666667,WARD_PLACED,YELLOW_TRINKET,2677232,BLG Bin
10.11505,WARD_PLACED,CONTROL_WARD,2677232,JDG MISSING
10.169983333333333,WARD_KILL,CONTROL_WARD,2677232,BLG ON
10.40315,WARD_PLACED,CONTROL_WARD,2677232,JDG Ruler
10.567666666666666,WARD_KILL,CONTROL_WARD,2677232,BLG Elk
10.611566666666667,WARD_PLACED,CONTROL_WARD,2677232,BLG XUN
10.6355,WARD_PLACED,YELLOW_TRINKET,2677232,JDG Ruler
10.652116666666666,WARD_PLACED,SIGHT_WARD,2677232,JDG MISSING
10.727833333333333,WARD_PLACED,YELLOW_TRINKET,2677232,JDG knight
10.767883333333334,WARD_KILL,YELLOW_TRINKET,2677232,BLG XUN
10.89825,WARD_KILL,SIGHT_WARD,2677232,BLG ON
11.415883333333333,WARD_KILL,SIGHT_WARD,2677232,BLG XUN
11.767033333333334,WARD_PLACED,CONTROL_WARD,2677232,BLG XUN
11.81265,WARD_KILL,SIGHT_WARD,2677232,BLG XUN
11.9264,WARD_PLACED,SIGHT_WARD,2677232,BLG ON
11.980316666666667,WARD_PLACED,SIGHT_WARD,2677232,JDG MISSING
11.99035,WARD_PLACED,YELLOW_TRINKET,2677232,BLG Bin
11.990916666666667,WARD_PLACED,YELLOW_TRINKET,2677232,JDG 369
12.033166666666666,WARD_PLACED,CONTROL_WARD,2677232,BLG ON
12.07975,WARD_KILL,SIGHT_WARD,2677232,JDG MISSING
12.102566666666666,WARD_PLACED,SIGHT_WARD,2677232,JDG MISSING
12.10645,WARD_KILL,YELLOW_TRINKET,2677232,BLG ON
12.199633333333333,WARD_PLACED,CONTROL_WARD,2677232,JDG Ruler
12.223016666666666,WARD_PLACED,SIGHT_WARD,2677232,BLG ON
12.264116666666666,WARD_PLACED,CONTROL_WARD,2677232,BLG ON
12.302366666666666,WARD_PLACED,CONTROL_WARD,2677232,JDG MISSING
12.33685,WARD_PLACED,CONTROL_WARD,2677232,BLG Yagao
12.58,WARD_PLACED,SIGHT_WARD,2677232,BLG ON
12.612283333333334,WARD_PLACED,SIGHT_WARD,2677232,JDG MISSING
12.724216666666667,WARD_KILL,CONTROL_WARD,2677232,JDG Ruler
12.786983333333334,WARD_KILL,SIGHT_WARD,2677232,JDG Ruler
12.884783333333333,WARD_KILL,CONTROL_WARD,2677232,JDG Kanavi
13.023233333333334,WARD_PLACED,YELLOW_TRINKET,2677232,JDG Ruler
13.283916666666666,WARD_PLACED,YELLOW_TRINKET,2677232,JDG knight
13.46925,WARD_PLACED,YELLOW_TRINKET,2677232,BLG Bin
13.481466666666666,WARD_PLACED,CONTROL_WARD,2677232,BLG ON
13.551683333333333,WARD_KILL,YELLOW_TRINKET,2677232,BLG Elk
13.6308,WARD_PLACED,SIGHT_WARD,2677232,BLG ON
13.656316666666667,WARD_PLACED,CONTROL_WARD,2677232,JDG MISSING
13.667483333333333,WARD_PLACED,YELLOW_TRINKET,2677232,BLG Elk
13.6908,WARD_PLACED,SIGHT_WARD,2677232,JDG MISSING
13.69855,WARD_KILL,CONTROL_WARD,2677232,BLG XUN
13.709666666666667,WARD_KILL,CONTROL_WARD,2677232,BLG ON
13.74205,WARD_PLACED,SIGHT_WARD,2677232,JDG MISSING
13.8104,WARD_PLACED,SIGHT_WARD,2677232,BLG ON
13.839916666666667,WARD_PLACED,CONTROL_WARD,2677232,BLG ON
13.8494,WARD_PLACED,CONTROL_WARD,2677232,JDG Ruler
13.9633,WARD_KILL,SIGHT_WARD,2677232,BLG ON
13.977233333333333,WARD_PLACED,SIGHT_WARD,2677232,JDG MISSING
14.039433333333333,WARD_KILL,YELLOW_TRINKET,2677232,BLG Yagao
14.082933333333333,WARD_PLACED,CONTROL_WARD,2677232,BLG Elk
14.113533333333333,WARD_KILL,SIGHT_WARD,2677232,BLG Elk
14.115766666666667,WARD_PLACED,SIGHT_WARD,2677232,BLG ON
14.209616666666667,WARD_PLACED,CONTROL_WARD,2677232,JDG Kanavi
14.210716666666666,WARD_KILL,CONTROL_WARD,2677232,BLG ON
14.3799,WARD_PLACED,CONTROL_WARD,2677232,BLG Bin
14.493933333333333,WARD_PLACED,CONTROL_WARD,2677232,JDG 369
14.510566666666668,WARD_KILL,SIGHT_WARD,2677232,JDG Kanavi
14.522766666666667,WARD_KILL,CONTROL_WARD,2677232,JDG Ruler
14.747416666666666,WARD_KILL,CONTROL_WARD,2677232,JDG Ruler
14.795216666666667,WARD_KILL,SIGHT_WARD,2677232,JDG Ruler
15.465316666666666,WARD_PLACED,CONTROL_WARD,2677232,JDG MISSING
15.4997,WARD_KILL,CONTROL_WARD,2677232,JDG knight
15.511883333333333,WARD_PLACED,SIGHT_WARD,2677232,BLG ON
15.517466666666667,WARD_PLACED,BLUE_TRINKET,2677232,BLG Bin
15.539666666666667,WARD_KILL,CONTROL_WARD,2677232,BLG Yagao
15.604783333333334,WARD_PLACED,SIGHT_WARD,2677232,BLG ON
15.657133333333332,WARD_PLACED,SIGHT_WARD,2677232,JDG MISSING
15.797066666666666,WARD_PLACED,SIGHT_WARD,2677232,JDG MISSING
15.806516666666667,WARD_KILL,SIGHT_WARD,2677232,BLG Elk
15.83095,WARD_KILL,SIGHT_WARD,2677232,JDG MISSING
15.839816666666668,WARD_PLACED,CONTROL_WARD,2677232,BLG ON
15.8693,WARD_PLACED,SIGHT_WARD,2677232,BLG ON
15.90715,WARD_PLACED,YELLOW_TRINKET,2677232,JDG knight
15.909383333333333,WARD_KILL,SIGHT_WARD,2677232,JDG Ruler
15.978383333333333,WARD_PLACED,BLUE_TRINKET,2677232,JDG 369
15.990066666666667,WARD_PLACED,CONTROL_WARD,2677232,BLG ON
16.056983333333335,WARD_KILL,SIGHT_WARD,2677232,BLG ON
16.181033333333332,WARD_KILL,BLUE_TRINKET,2677232,JDG Kanavi
16.21615,WARD_KILL,CONTROL_WARD,2677232,BLG Elk
16.2284,WARD_PLACED,YELLOW_TRINKET,2677232,BLG Elk
16.237266666666667,WARD_PLACED,BLUE_TRINKET,2677232,JDG Ruler
16.255,WARD_KILL,BLUE_TRINKET,2677232,BLG ON
16.337933333333332,WARD_PLACED,SIGHT_WARD,2677232,JDG MISSING
16.394016666666666,WARD_PLACED,CONTROL_WARD,2677232,JDG MISSING
16.478133333333332,WARD_KILL,YELLOW_TRINKET,2677232,JDG MISSING
16.710533333333334,WARD_KILL,CONTROL_WARD,2677232,JDG 369
16.80745,WARD_PLACED,CONTROL_WARD,2677232,JDG 369
17.2299,WARD_KILL,SIGHT_WARD,2677232,JDG knight
17.2438,WARD_PLACED,CONTROL_WARD,2677232,JDG knight
17.296533333333333,WARD_PLACED,SIGHT_WARD,2677232,BLG ON
17.319333333333333,WARD_PLACED,SIGHT_WARD,2677232,BLG ON
17.39545,WARD_KILL,CONTROL_WARD,2677232,BLG ON
17.52945,WARD_PLACED,SIGHT_WARD,2677232,JDG MISSING
17.586133333333333,WARD_PLACED,SIGHT_WARD,2677232,BLG ON
17.625066666666665,WARD_KILL,SIGHT_WARD,2677232,JDG knight
17.62895,WARD_PLACED,SIGHT_WARD,2677232,JDG MISSING
17.643966666666667,WARD_PLACED,SIGHT_WARD,2677232,BLG ON
17.6595,WARD_PLACED,SIGHT_WARD,2677232,JDG MISSING
17.693483333333333,WARD_KILL,SIGHT_WARD,2677232,JDG MISSING
17.74576666666667,WARD_PLACED,CONTROL_WARD,2677232,JDG MISSING
17.88605,WARD_PLACED,SIGHT_WARD,2677232,JDG MISSING
17.955083333333334,WARD_KILL,CONTROL_WARD,2677232,BLG Bin
17.964,WARD_PLACED,CONTROL_WARD,2677232,BLG ON
18.00845,WARD_KILL,SIGHT_WARD,2677232,BLG Elk
18.035633333333333,WARD_PLACED,CONTROL_WARD,2677232,JDG Ruler
18.1847,WARD_PLACED,BLUE_TRINKET,2677232,BLG Bin
18.22525,WARD_PLACED,BLUE_TRINKET,2677232,BLG Elk
18.23525,WARD_KILL,BLUE_TRINKET,2677232,JDG MISSING
18.46845,WARD_KILL,CONTROL_WARD,2677232,BLG ON
18.81545,WARD_PLACED,CONTROL_WARD,2677232,BLG XUN
19.196583333333333,WARD_PLACED,CONTROL_WARD,2677232,JDG MISSING
19.206666666666667,WARD_PLACED,CONTROL_WARD,2677232,BLG ON
19.239566666666665,WARD_PLACED,SIGHT_WARD,2677232,BLG ON
19.271716666666666,WARD_KILL,CONTROL_WARD,2677232,BLG Elk
19.28783333333333,WARD_KILL,SIGHT_WARD,2677232,JDG Ruler
19.342033333333333,WARD_KILL,BLUE_TRINKET,2677232,JDG MISSING
19.358183333333333,WARD_PLACED,SIGHT_WARD,2677232,JDG MISSING
19.587883333333334,WARD_PLACED,SIGHT_WARD,2677232,JDG MISSING
19.596733333333333,WARD_KILL,CONTROL_WARD,2677232,BLG ON
19.618433333333332,WARD_PLACED,SIGHT_WARD,2677232,BLG ON
19.6312,WARD_PLACED,SIGHT_WARD,2677232,JDG MISSING
19.647883333333333,WARD_PLACED,CONTROL_WARD,2677232,JDG MISSING
19.700683333333334,WARD_PLACED,BLUE_TRINKET,2677232,JDG Ruler
19.740716666666668,WARD_PLACED,CONTROL_WARD,2677232,JDG knight
19.765883333333335,WARD_PLACED,CONTROL_WARD,2677232,BLG ON
19.770866666666667,WARD_KILL,CONTROL_WARD,2677232,BLG Elk
19.8722,WARD_PLACED,CONTROL_WARD,2677232,JDG knight
19.880033333333333,WARD_PLACED,SIGHT_WARD,2677232,JDG MISSING
19.95345,WARD_PLACED,SIGHT_WARD,2677232,BLG ON
20.02253333333333,WARD_KILL,CONTROL_WARD,2677232,JDG Kanavi
20.072033333333334,WARD_KILL,SIGHT_WARD,2677232,JDG MISSING
20.174933333333332,WARD_KILL,SIGHT_WARD,2677232,JDG knight
20.212616666666666,WARD_PLACED,CONTROL_WARD,2677232,JDG Kanavi
20.229883333333333,WARD_PLACED,SIGHT_WARD,2677232,BLG ON
20.7263,WARD_PLACED,SIGHT_WARD,2677232,BLG ON
20.88755,WARD_PLACED,SIGHT_WARD,2677232,BLG ON
20.914816666666667,WARD_PLACED,BLUE_TRINKET,2677232,JDG 369
20.9298,WARD_PLACED,SIGHT_WARD,2677232,BLG ON
21.0444,WARD_PLACED,CONTROL_WARD,2677232,BLG ON
21.114966666666668,WARD_PLACED,CONTROL_WARD,2677232,JDG Kanavi
21.142866666666666,WARD_PLACED,SIGHT_WARD,2677232,BLG ON
21.170116666666665,WARD_PLACED,BLUE_TRINKET,2677232,BLG Bin
21.252366666666667,WARD_PLACED,CONTROL_WARD,2677232,JDG Ruler
21.353633333333335,WARD_PLACED,SIGHT_WARD,2677232,JDG MISSING
21.478833333333334,WARD_PLACED,CONTROL_WARD,2677232,BLG ON
21.49105,WARD_PLACED,CONTROL_WARD,2677232,JDG MISSING
21.517216666666666,WARD_PLACED,SIGHT_WARD,2677232,JDG MISSING
21.617983333333335,WARD_PLACED,SIGHT_WARD,2677232,JDG MISSING
21.649,WARD_KILL,SIGHT_WARD,2677232,BLG XUN
21.699666666666666,WARD_PLACED,SIGHT_WARD,2677232,JDG MISSING
21.77685,WARD_KILL,SIGHT_WARD,2677232,BLG ON
22.104066666666668,WARD_PLACED,CONTROL_WARD,2677232,JDG MISSING
22.18945,WARD_KILL,CONTROL_WARD,2677232,BLG Elk
22.26781666666667,WARD_PLACED,SIGHT_WARD,2677232,BLG ON
22.37835,WARD_PLACED,CONTROL_WARD,2677232,JDG Kanavi
22.416416666666667,WARD_PLACED,SIGHT_WARD,2677232,BLG ON
