gameTime,monsterType,dragonType,gameId,positionX,positionY,killerTeam,killer,assistant1,assistant2,assistant3,assistant4,assistant5,assistant6,assistant7,assistant8,assistant9,assistant10
103587,raptor,,2677225,7721,10105,BLG,BLG XUN,-,-,-,-,-,-,-,-,-,-
105451,raptor,,2677225,6977,4218,JDG,JDG Kanavi,-,-,-,-,-,-,-,-,-,-
124131,redCamp,,2677225,7536,3296,JDG,JDG Kanavi,-,-,-,-,-,-,-,-,-,-
130405,redCamp,,2677225,7461,11587,BLG,BLG XUN,-,-,-,-,-,-,-,-,-,-
142444,krug,,2677225,8930,2397,JDG,JDG Kanavi,-,-,-,-,-,-,-,-,-,-
142874,krug,,2677225,6728,12546,BLG,BLG XUN,-,-,-,-,-,-,-,-,-,-
216871,scuttleCrab,,2677225,10887,4378,BLG,BLG XUN,-,-,-,-,-,-,-,-,-,-
217970,blueCamp,,2677225,3630,8815,JDG,JDG Kanavi,-,-,-,-,-,-,-,-,-,-
227818,scuttleCrab,,2677225,5479,9338,JDG,JDG Kanavi,-,-,-,-,-,-,-,-,-,-
248647,raptor,,2677225,7564,9727,JDG,JDG Kanavi,-,-,-,-,-,-,-,-,-,-
257011,blueCamp,,2677225,11621,6839,BLG,BLG XUN,-,-,-,-,-,-,-,-,-,-
272729,gromp,,2677225,12343,6688,BLG,BLG XUN,-,-,-,-,-,-,-,-,-,-
278227,raptor,,2677225,7137,5355,JDG,JDG Kanavi,-,-,-,-,-,-,-,-,-,-
291470,wolf,,2677225,10077,9028,BLG,BLG XUN,-,-,-,-,-,-,-,-,-,-
305376,krug,,2677225,8496,2444,JDG,JDG Kanavi,-,-,-,-,-,-,-,-,-,-
319970,krug,,2677225,5434,12316,BLG,BLG XUN,-,-,-,-,-,-,-,-,-,-
426228,dragon,chemtech,2677225,10114,4670,BLG,BLG XUN,BLG Yagao,BLG Elk,BLG ON,-,-,-,-,-,-,-
432689,raptor,,2677225,6910,5242,JDG,JDG Kanavi,-,-,-,-,-,-,-,-,-,-
454166,gromp,,2677225,12076,6904,BLG,BLG XUN,-,-,-,-,-,-,-,-,-,-
458970,redCamp,,2677225,8234,3512,JDG,JDG Kanavi,-,-,-,-,-,-,-,-,-,-
472325,wolf,,2677225,10730,9040,BLG,BLG XUN,-,-,-,-,-,-,-,-,-,-
488561,raptor,,2677225,8634,9800,BLG,BLG XUN,-,-,-,-,-,-,-,-,-,-
558027,wolf,,2677225,3636,6544,JDG,JDG Kanavi,-,-,-,-,-,-,-,-,-,-
588191,blueCamp,,2677225,3606,8793,JDG,JDG Kanavi,-,-,-,-,-,-,-,-,-,-
593694,scuttleCrab,,2677225,5592,9172,JDG,JDG Kanavi,-,-,-,-,-,-,-,-,-,-
636191,raptor,,2677225,6745,9412,BLG,BLG XUN,-,-,-,-,-,-,-,-,-,-
692188,redCamp,,2677225,7208,11921,BLG,BLG XUN,-,-,-,-,-,-,-,-,-,-
698724,riftHerald,,2677225,4762,9886,JDG,JDG Kanavi,JDG knight,-,-,-,-,-,-,-,-,-
703531,krug,,2677225,6324,12435,BLG,BLG XUN,-,-,-,-,-,-,-,-,-,-
726640,wolf,,2677225,4486,5962,JDG,JDG Kanavi,-,-,-,-,-,-,-,-,-,-
744302,raptor,,2677225,7190,5030,JDG,JDG Kanavi,-,-,-,-,-,-,-,-,-,-
756009,dragon,earth,2677225,10509,4997,BLG,BLG XUN,BLG Yagao,BLG Elk,BLG ON,-,-,-,-,-,-,-
773080,redCamp,,2677225,7737,3514,JDG,JDG Kanavi,-,-,-,-,-,-,-,-,-,-
773916,scuttleCrab,,2677225,4044,9363,JDG,JDG knight,-,-,-,-,-,-,-,-,-,-
780524,blueCamp,,2677225,11376,6838,BLG,BLG XUN,-,-,-,-,-,-,-,-,-,-
796360,gromp,,2677225,12315,6306,BLG,BLG XUN,-,-,-,-,-,-,-,-,-,-
874746,krug,,2677225,6582,12594,BLG,BLG XUN,-,-,-,-,-,-,-,-,-,-
881164,wolf,,2677225,3398,6863,JDG,JDG Kanavi,-,-,-,-,-,-,-,-,-,-
894181,gromp,,2677225,2662,8322,JDG,JDG Kanavi,-,-,-,-,-,-,-,-,-,-
895109,raptor,,2677225,7819,9753,BLG,BLG XUN,-,-,-,-,-,-,-,-,-,-
915332,blueCamp,,2677225,3495,8847,JDG,JDG Kanavi,-,-,-,-,-,-,-,-,-,-
920113,raptor,,2677225,6566,4821,JDG,JDG Ruler,-,-,-,-,-,-,-,-,-,-
939364,scuttleCrab,,2677225,4013,9511,JDG,JDG Kanavi,-,-,-,-,-,-,-,-,-,-
953376,wolf,,2677225,11468,8301,BLG,BLG XUN,-,-,-,-,-,-,-,-,-,-
971001,gromp,,2677225,12304,5267,BLG,BLG XUN,-,-,-,-,-,-,-,-,-,-
997488,krug,,2677225,8332,2532,JDG,JDG 369,-,-,-,-,-,-,-,-,-,-
1002018,redCamp,,2677225,7025,11292,JDG,JDG Kanavi,-,-,-,-,-,-,-,-,-,-
1037454,raptor,,2677225,8466,10349,BLG,BLG XUN,-,-,-,-,-,-,-,-,-,-
1042025,wolf,,2677225,4326,6042,JDG,JDG Kanavi,-,-,-,-,-,-,-,-,-,-
1054453,krug,,2677225,6794,12517,BLG,BLG XUN,-,-,-,-,-,-,-,-,-,-
1087861,riftHerald,,2677225,4923,10007,BLG,BLG XUN,BLG Bin,-,-,-,-,-,-,-,-,-
1089890,dragon,air,2677225,9866,4414,JDG,JDG Kanavi,JDG Ruler,JDG MISSING,JDG knight,-,-,-,-,-,-,-
1091194,gromp,,2677225,2271,8529,JDG,JDG 369,-,-,-,-,-,-,-,-,-,-
1097084,scuttleCrab,,2677225,5269,9194,BLG,BLG XUN,-,-,-,-,-,-,-,-,-,-
1118207,gromp,,2677225,12525,5738,JDG,JDG knight,-,-,-,-,-,-,-,-,-,-
1118374,blueCamp,,2677225,11276,6364,JDG,JDG Kanavi,-,-,-,-,-,-,-,-,-,-
1130519,wolf,,2677225,10735,8767,BLG,BLG Elk,-,-,-,-,-,-,-,-,-,-
1156530,krug,,2677225,8332,2418,JDG,JDG knight,-,-,-,-,-,-,-,-,-,-
1163001,raptor,,2677225,7307,4976,JDG,JDG Kanavi,-,-,-,-,-,-,-,-,-,-
1165373,redCamp,,2677225,6730,4414,JDG,JDG Ruler,-,-,-,-,-,-,-,-,-,-
1181965,raptor,,2677225,7437,9715,BLG,BLG XUN,-,-,-,-,-,-,-,-,-,-
1250590,blueCamp,,2677225,3182,8066,JDG,JDG Kanavi,-,-,-,-,-,-,-,-,-,-
1250889,scuttleCrab,,2677225,10689,5412,JDG,JDG knight,-,-,-,-,-,-,-,-,-,-
1257901,krug,,2677225,6321,12435,BLG,BLG XUN,-,-,-,-,-,-,-,-,-,-
1263119,gromp,,2677225,12617,5590,JDG,JDG knight,-,-,-,-,-,-,-,-,-,-
1266954,gromp,,2677225,2881,8125,JDG,JDG Kanavi,-,-,-,-,-,-,-,-,-,-
1280906,wolf,,2677225,3858,6461,JDG,JDG Kanavi,-,-,-,-,-,-,-,-,-,-
1298986,wolf,,2677225,11654,7061,BLG,BLG XUN,-,-,-,-,-,-,-,-,-,-
1305671,raptor,,2677225,6432,4904,JDG,JDG Ruler,-,-,-,-,-,-,-,-,-,-
1314568,redCamp,,2677225,7061,11210,BLG,BLG Elk,-,-,-,-,-,-,-,-,-,-
1372256,raptor,,2677225,6947,9911,BLG,BLG XUN,-,-,-,-,-,-,-,-,-,-
1409163,scuttleCrab,,2677225,5445,9257,BLG,BLG XUN,-,-,-,-,-,-,-,-,-,-
1413857,gromp,,2677225,12703,6443,BLG,BLG Bin,-,-,-,-,-,-,-,-,-,-
1421237,krug,,2677225,5649,12317,BLG,BLG XUN,-,-,-,-,-,-,-,-,-,-
1428795,blueCamp,,2677225,11362,7182,BLG,BLG Bin,-,-,-,-,-,-,-,-,-,-
1434296,dragon,air,2677225,9866,4414,JDG,JDG Kanavi,JDG Ruler,-,-,-,-,-,-,-,-,-
1492638,raptor,,2677225,7053,4420,JDG,JDG Ruler,-,-,-,-,-,-,-,-,-,-
1499480,redCamp,,2677225,6925,4234,JDG,JDG Ruler,-,-,-,-,-,-,-,-,-,-
104209,raptor,,2677229,7041,4638,JDG,JDG Kanavi,-,-,-,-,-,-,-,-,-,-
107943,wolf,,2677229,4786,5863,BLG,BLG XUN,-,-,-,-,-,-,-,-,-,-
122062,redCamp,,2677229,8222,3558,JDG,JDG 369,-,-,-,-,-,-,-,-,-,-
163084,krug,,2677229,9132,2541,BLG,BLG XUN,-,-,-,-,-,-,-,-,-,-
166152,blueCamp,,2677229,11544,6995,JDG,JDG Kanavi,-,-,-,-,-,-,-,-,-,-
180233,gromp,,2677229,12345,6689,JDG,JDG Kanavi,-,-,-,-,-,-,-,-,-,-
223747,scuttleCrab,,2677229,10506,4804,JDG,JDG Kanavi,-,-,-,-,-,-,-,-,-,-
241025,scuttleCrab,,2677229,5552,9160,BLG,BLG XUN,-,-,-,-,-,-,-,-,-,-
255239,raptor,,2677229,7490,9937,JDG,JDG Kanavi,-,-,-,-,-,-,-,-,-,-
273120,redCamp,,2677229,7633,10949,JDG,JDG Kanavi,-,-,-,-,-,-,-,-,-,-
273918,blueCamp,,2677229,2905,8373,BLG,BLG XUN,-,-,-,-,-,-,-,-,-,-
290394,gromp,,2677229,2990,7566,BLG,BLG XUN,-,-,-,-,-,-,-,-,-,-
306785,wolf,,2677229,4619,5858,BLG,BLG XUN,-,-,-,-,-,-,-,-,-,-
312927,wolf,,2677229,11619,8246,JDG,JDG Kanavi,-,-,-,-,-,-,-,-,-,-
326037,raptor,,2677229,7170,3915,BLG,BLG XUN,-,-,-,-,-,-,-,-,-,-
335065,gromp,,2677229,11943,6603,JDG,JDG Kanavi,-,-,-,-,-,-,-,-,-,-
343844,krug,,2677229,9009,2434,BLG,BLG XUN,-,-,-,-,-,-,-,-,-,-
373307,dragon,chemtech,2677229,10379,4915,JDG,JDG Kanavi,JDG Ruler,JDG MISSING,BLG ON,-,-,-,-,-,-,-
423834,raptor,,2677229,7230,9819,JDG,JDG Kanavi,-,-,-,-,-,-,-,-,-,-
429406,scuttleCrab,,2677229,3429,10125,BLG,BLG XUN,-,-,-,-,-,-,-,-,-,-
437055,krug,,2677229,6317,12146,JDG,JDG Kanavi,-,-,-,-,-,-,-,-,-,-
465755,wolf,,2677229,3085,7557,BLG,BLG XUN,-,-,-,-,-,-,-,-,-,-
470496,wolf,,2677229,11600,7884,JDG,JDG Kanavi,-,-,-,-,-,-,-,-,-,-
485296,gromp,,2677229,3130,8365,BLG,BLG XUN,-,-,-,-,-,-,-,-,-,-
490157,blueCamp,,2677229,11602,6613,JDG,JDG Kanavi,-,-,-,-,-,-,-,-,-,-
518454,riftHerald,,2677229,4877,10055,BLG,BLG XUN,-,-,-,-,-,-,-,-,-,-
550305,raptor,,2677229,7600,5045,JDG,JDG Kanavi,-,-,-,-,-,-,-,-,-,-
576040,redCamp,,2677229,7637,2590,BLG,BLG XUN,-,-,-,-,-,-,-,-,-,-
585738,scuttleCrab,,2677229,10981,5212,JDG,JDG Kanavi,-,-,-,-,-,-,-,-,-,-
589964,krug,,2677229,9068,2588,BLG,BLG XUN,-,-,-,-,-,-,-,-,-,-
607639,gromp,,2677229,12607,5721,JDG,JDG Kanavi,-,-,-,-,-,-,-,-,-,-
649566,wolf,,2677229,3430,7722,BLG,BLG XUN,-,-,-,-,-,-,-,-,-,-
661589,blueCamp,,2677229,3653,8725,BLG,BLG XUN,-,-,-,-,-,-,-,-,-,-
675306,redCamp,,2677229,7096,11122,JDG,JDG Kanavi,-,-,-,-,-,-,-,-,-,-
718092,krug,,2677229,6802,12782,JDG,JDG Kanavi,-,-,-,-,-,-,-,-,-,-
732113,dragon,water,2677229,10110,4621,BLG,BLG XUN,-,-,-,-,-,-,-,-,-,-
741990,raptor,,2677229,8024,9644,JDG,JDG Kanavi,-,-,-,-,-,-,-,-,-,-
769795,scuttleCrab,,2677229,10249,4748,BLG,BLG XUN,-,-,-,-,-,-,-,-,-,-
776766,wolf,,2677229,11298,8410,JDG,JDG Kanavi,-,-,-,-,-,-,-,-,-,-
791204,gromp,,2677229,12301,6748,JDG,JDG Kanavi,-,-,-,-,-,-,-,-,-,-
815674,blueCamp,,2677229,10578,6594,JDG,JDG Kanavi,-,-,-,-,-,-,-,-,-,-
818910,raptor,,2677229,7264,4743,BLG,BLG XUN,-,-,-,-,-,-,-,-,-,-
856938,krug,,2677229,6317,12146,JDG,JDG Kanavi,-,-,-,-,-,-,-,-,-,-
899646,wolf,,2677229,3146,7179,BLG,BLG XUN,-,-,-,-,-,-,-,-,-,-
904050,riftHerald,,2677229,4484,9767,JDG,JDG Kanavi,JDG MISSING,JDG 369,-,-,-,-,-,-,-,-
914871,gromp,,2677229,2730,8014,BLG,BLG XUN,-,-,-,-,-,-,-,-,-,-
925529,scuttleCrab,,2677229,4114,9450,JDG,JDG Kanavi,-,-,-,-,-,-,-,-,-,-
930366,redCamp,,2677229,6712,4411,BLG,BLG Elk,-,-,-,-,-,-,-,-,-,-
946246,raptor,,2677229,8019,9856,JDG,JDG Kanavi,-,-,-,-,-,-,-,-,-,-
981423,wolf,,2677229,11057,8390,JDG,JDG Kanavi,-,-,-,-,-,-,-,-,-,-
986033,raptor,,2677229,8043,5315,BLG,BLG XUN,-,-,-,-,-,-,-,-,-,-
1017379,redCamp,,2677229,7240,12016,JDG,JDG Ruler,-,-,-,-,-,-,-,-,-,-
1017911,gromp,,2677229,12103,6846,JDG,JDG Kanavi,-,-,-,-,-,-,-,-,-,-
1035369,krug,,2677229,7071,12542,JDG,JDG Ruler,-,-,-,-,-,-,-,-,-,-
1051354,dragon,fire,2677229,9866,4414,BLG,BLG XUN,BLG Yagao,BLG Elk,-,-,-,-,-,-,-,-
1062982,blueCamp,,2677229,3852,8232,JDG,JDG Kanavi,-,-,-,-,-,-,-,-,-,-
1085995,scuttleCrab,,2677229,5847,9004,BLG,BLG XUN,-,-,-,-,-,-,-,-,-,-
1093004,raptor,,2677229,7844,9611,JDG,JDG Kanavi,-,-,-,-,-,-,-,-,-,-
1130773,blueCamp,,2677229,10465,6580,BLG,BLG XUN,-,-,-,-,-,-,-,-,-,-
1138070,wolf,,2677229,10457,8861,JDG,JDG Kanavi,-,-,-,-,-,-,-,-,-,-
1151690,raptor,,2677229,7168,5274,BLG,BLG XUN,-,-,-,-,-,-,-,-,-,-
1193262,gromp,,2677229,12703,6443,JDG,JDG Kanavi,-,-,-,-,-,-,-,-,-,-
1240052,raptor,,2677229,6409,9405,BLG,BLG XUN,-,-,-,-,-,-,-,-,-,-
1249061,scuttleCrab,,2677229,4442,9009,BLG,BLG XUN,-,-,-,-,-,-,-,-,-,-
1261562,krug,,2677229,6492,12568,JDG,JDG Kanavi,-,-,-,-,-,-,-,-,-,-
1283484,redCamp,,2677229,7141,4564,BLG,BLG Elk,-,-,-,-,-,-,-,-,-,-
1285520,wolf,,2677229,11008,8387,JDG,JDG Kanavi,-,-,-,-,-,-,-,-,-,-
1291123,wolf,,2677229,4274,5978,BLG,BLG XUN,-,-,-,-,-,-,-,-,-,-
1305769,krug,,2677229,8524,2561,BLG,BLG Bin,-,-,-,-,-,-,-,-,-,-
1335568,redCamp,,2677229,7221,10758,JDG,JDG Ruler,-,-,-,-,-,-,-,-,-,-
1339812,gromp,,2677229,12610,6484,BLG,BLG Bin,-,-,-,-,-,-,-,-,-,-
1392845,raptor,,2677229,7880,9662,JDG,JDG Kanavi,-,-,-,-,-,-,-,-,-,-
1396974,dragon,fire,2677229,9792,4657,BLG,BLG Bin,BLG XUN,-,-,-,-,-,-,-,-,-
1411170,krug,,2677229,6524,12463,JDG,JDG Kanavi,-,-,-,-,-,-,-,-,-,-
1422262,raptor,,2677229,7067,5115,BLG,BLG Elk,-,-,-,-,-,-,-,-,-,-
1430763,blueCamp,,2677229,2801,8368,BLG,BLG XUN,-,-,-,-,-,-,-,-,-,-
1433059,wolf,,2677229,10952,8467,JDG,JDG Kanavi,-,-,-,-,-,-,-,-,-,-
1438080,gromp,,2677229,2824,7986,BLG,BLG XUN,-,-,-,-,-,-,-,-,-,-
1442482,blueCamp,,2677229,11031,6990,JDG,JDG Kanavi,-,-,-,-,-,-,-,-,-,-
1448408,scuttleCrab,,2677229,8904,5739,JDG,JDG Kanavi,-,-,-,-,-,-,-,-,-,-
1449912,wolf,,2677229,4506,6404,BLG,BLG XUN,-,-,-,-,-,-,-,-,-,-
1460629,krug,,2677229,8380,2505,BLG,BLG Bin,-,-,-,-,-,-,-,-,-,-
1529036,baron,,2677229,5007,10471,BLG,BLG XUN,BLG Yagao,BLG Elk,-,-,-,-,-,-,-,-
1584277,krug,,2677229,6317,12146,JDG,JDG Kanavi,-,-,-,-,-,-,-,-,-,-
1610828,wolf,,2677229,2608,8117,BLG,BLG XUN,-,-,-,-,-,-,-,-,-,-
1617179,redCamp,,2677229,7192,3960,BLG,BLG Elk,-,-,-,-,-,-,-,-,-,-
1621768,raptor,,2677229,6608,4814,BLG,BLG Elk,-,-,-,-,-,-,-,-,-,-
1622569,gromp,,2677229,2637,8412,BLG,BLG XUN,-,-,-,-,-,-,-,-,-,-
1629550,raptor,,2677229,7803,9676,JDG,JDG Ruler,-,-,-,-,-,-,-,-,-,-
1636502,scuttleCrab,,2677229,10505,4848,JDG,JDG Kanavi,-,-,-,-,-,-,-,-,-,-
1641036,redCamp,,2677229,7525,11066,JDG,JDG Ruler,-,-,-,-,-,-,-,-,-,-
1647353,gromp,,2677229,12439,6561,JDG,JDG Kanavi,-,-,-,-,-,-,-,-,-,-
1656542,wolf,,2677229,11441,8334,JDG,JDG Kanavi,-,-,-,-,-,-,-,-,-,-
1712184,dragon,fire,2677229,9752,4785,BLG,BLG XUN,BLG Yagao,BLG Elk,BLG ON,-,-,-,-,-,-,-
1730846,krug,,2677229,6392,12231,JDG,JDG Kanavi,-,-,-,-,-,-,-,-,-,-
1761479,blueCamp,,2677229,3462,8057,JDG,JDG Kanavi,-,-,-,-,-,-,-,-,-,-
1766794,blueCamp,,2677229,11020,6953,BLG,BLG Yagao,-,-,-,-,-,-,-,-,-,-
1768630,gromp,,2677229,2216,8570,JDG,JDG Kanavi,-,-,-,-,-,-,-,-,-,-
1773236,raptor,,2677229,6796,9455,BLG,BLG XUN,-,-,-,-,-,-,-,-,-,-
1778096,raptor,,2677229,6904,5433,BLG,BLG Bin,-,-,-,-,-,-,-,-,-,-
1791549,wolf,,2677229,3791,6321,BLG,BLG Bin,-,-,-,-,-,-,-,-,-,-
1801392,wolf,,2677229,11074,8455,JDG,JDG Kanavi,-,-,-,-,-,-,-,-,-,-
1810440,gromp,,2677229,12703,6443,JDG,JDG Kanavi,-,-,-,-,-,-,-,-,-,-
1817903,scuttleCrab,,2677229,10106,5218,JDG,JDG Kanavi,-,-,-,-,-,-,-,-,-,-
104806,blueCamp,,2677230,12008,6781,BLG,BLG XUN,-,-,-,-,-,-,-,-,-,-
106236,raptor,,2677230,6814,4977,JDG,JDG Kanavi,-,-,-,-,-,-,-,-,-,-
117775,gromp,,2677230,11948,7088,BLG,BLG XUN,-,-,-,-,-,-,-,-,-,-
128582,redCamp,,2677230,7585,3683,JDG,JDG Kanavi,-,-,-,-,-,-,-,-,-,-
138628,wolf,,2677230,9996,9093,BLG,BLG XUN,-,-,-,-,-,-,-,-,-,-
139832,krug,,2677230,8541,2656,JDG,JDG Kanavi,-,-,-,-,-,-,-,-,-,-
172905,raptor,,2677230,7272,9777,BLG,BLG XUN,-,-,-,-,-,-,-,-,-,-
184842,wolf,,2677230,3302,6805,JDG,JDG Kanavi,-,-,-,-,-,-,-,-,-,-
197081,redCamp,,2677230,7800,10858,BLG,BLG XUN,-,-,-,-,-,-,-,-,-,-
199754,blueCamp,,2677230,3523,8398,JDG,JDG Kanavi,-,-,-,-,-,-,-,-,-,-
216045,gromp,,2677230,2304,8408,JDG,JDG Kanavi,-,-,-,-,-,-,-,-,-,-
222357,scuttleCrab,,2677230,8894,5992,BLG,BLG XUN,-,-,-,-,-,-,-,-,-,-
230419,scuttleCrab,,2677230,5372,9389,JDG,JDG Kanavi,-,-,-,-,-,-,-,-,-,-
253550,raptor,,2677230,7452,5161,JDG,JDG Kanavi,-,-,-,-,-,-,-,-,-,-
267323,krug,,2677230,6441,12378,BLG,BLG XUN,-,-,-,-,-,-,-,-,-,-
294997,krug,,2677230,8577,2878,JDG,JDG Kanavi,-,-,-,-,-,-,-,-,-,-
318985,raptor,,2677230,7986,9471,BLG,BLG XUN,-,-,-,-,-,-,-,-,-,-
345929,gromp,,2677230,12233,6502,JDG,JDG Kanavi,-,-,-,-,-,-,-,-,-,-
350862,wolf,,2677230,11226,8353,BLG,BLG XUN,-,-,-,-,-,-,-,-,-,-
410495,scuttleCrab,,2677230,8788,5696,JDG,JDG Kanavi,-,-,-,-,-,-,-,-,-,-
419822,blueCamp,,2677230,11404,7607,BLG,BLG XUN,-,-,-,-,-,-,-,-,-,-
431738,raptor,,2677230,7036,5112,JDG,JDG Kanavi,-,-,-,-,-,-,-,-,-,-
447026,redCamp,,2677230,7636,3886,JDG,JDG Kanavi,-,-,-,-,-,-,-,-,-,-
486912,raptor,,2677230,7471,9901,BLG,BLG XUN,-,-,-,-,-,-,-,-,-,-
500664,krug,,2677230,6270,12239,BLG,BLG XUN,-,-,-,-,-,-,-,-,-,-
535815,riftHerald,,2677230,4710,9304,JDG,JDG Kanavi,JDG knight,JDG 369,-,-,-,-,-,-,-,-
556889,redCamp,,2677230,6790,11395,BLG,BLG XUN,-,-,-,-,-,-,-,-,-,-
568627,blueCamp,,2677230,3449,8187,JDG,JDG Kanavi,-,-,-,-,-,-,-,-,-,-
577554,gromp,,2677230,2343,8210,JDG,JDG Kanavi,-,-,-,-,-,-,-,-,-,-
595358,wolf,,2677230,3172,7285,JDG,JDG Kanavi,-,-,-,-,-,-,-,-,-,-
645764,wolf,,2677230,11395,8366,BLG,BLG XUN,-,-,-,-,-,-,-,-,-,-
659110,gromp,,2677230,11989,6533,BLG,BLG XUN,-,-,-,-,-,-,-,-,-,-
668036,scuttleCrab,,2677230,10577,4802,BLG,BLG XUN,-,-,-,-,-,-,-,-,-,-
689082,raptor,,2677230,7646,5043,JDG,JDG Kanavi,-,-,-,-,-,-,-,-,-,-
701122,raptor,,2677230,7951,9753,BLG,BLG XUN,-,-,-,-,-,-,-,-,-,-
716223,dragon,hextech,2677230,9939,4629,JDG,JDG Kanavi,JDG MISSING,JDG knight,-,-,-,-,-,-,-,-
744339,gromp,,2677230,2985,7674,BLG,BLG XUN,-,-,-,-,-,-,-,-,-,-
751875,krug,,2677230,8388,2869,JDG,JDG Kanavi,-,-,-,-,-,-,-,-,-,-
754713,wolf,,2677230,3603,7059,BLG,BLG XUN,-,-,-,-,-,-,-,-,-,-
770334,redCamp,,2677230,7754,4117,JDG,JDG Kanavi,-,-,-,-,-,-,-,-,-,-
800707,wolf,,2677230,10750,8743,BLG,BLG XUN,-,-,-,-,-,-,-,-,-,-
807221,blueCamp,,2677230,11050,6486,JDG,JDG Kanavi,-,-,-,-,-,-,-,-,-,-
819545,gromp,,2677230,12442,5821,JDG,JDG Kanavi,-,-,-,-,-,-,-,-,-,-
831438,scuttleCrab,,2677230,9600,5250,JDG,JDG Kanavi,-,-,-,-,-,-,-,-,-,-
844719,raptor,,2677230,7294,5143,JDG,JDG Kanavi,-,-,-,-,-,-,-,-,-,-
851151,raptor,,2677230,7471,10042,BLG,BLG XUN,-,-,-,-,-,-,-,-,-,-
866888,redCamp,,2677230,6824,11396,BLG,BLG XUN,-,-,-,-,-,-,-,-,-,-
871016,krug,,2677230,6221,12256,BLG,BLG XUN,-,-,-,-,-,-,-,-,-,-
895975,blueCamp,,2677230,3510,7882,JDG,JDG Kanavi,-,-,-,-,-,-,-,-,-,-
908497,gromp,,2677230,2598,8268,JDG,JDG Kanavi,-,-,-,-,-,-,-,-,-,-
939716,riftHerald,,2677230,4616,9984,JDG,JDG Kanavi,-,-,-,-,-,-,-,-,-,-
954969,krug,,2677230,8064,2071,JDG,JDG knight,-,-,-,-,-,-,-,-,-,-
963189,wolf,,2677230,11134,8408,BLG,BLG XUN,-,-,-,-,-,-,-,-,-,-
978255,gromp,,2677230,12313,6619,BLG,BLG XUN,-,-,-,-,-,-,-,-,-,-
1026581,raptor,,2677230,7329,9862,BLG,BLG XUN,-,-,-,-,-,-,-,-,-,-
1028614,raptor,,2677230,7020,5426,JDG,JDG Kanavi,-,-,-,-,-,-,-,-,-,-
1034487,scuttleCrab,,2677230,5597,8518,BLG,BLG XUN,-,-,-,-,-,-,-,-,-,-
1044156,dragon,air,2677230,9866,4414,JDG,JDG Kanavi,JDG Ruler,-,-,-,-,-,-,-,-,-
1075202,krug,,2677230,6696,12881,BLG,BLG XUN,-,-,-,-,-,-,-,-,-,-
1143938,krug,,2677230,8358,2418,JDG,JDG knight,-,-,-,-,-,-,-,-,-,-
1158091,redCamp,,2677230,8223,3539,JDG,JDG Ruler,-,-,-,-,-,-,-,-,-,-
1186590,blueCamp,,2677230,11062,6975,JDG,JDG Kanavi,-,-,-,-,-,-,-,-,-,-
1199863,gromp,,2677230,12762,6304,JDG,JDG Kanavi,-,-,-,-,-,-,-,-,-,-
1217434,raptor,,2677230,8006,10294,BLG,BLG XUN,-,-,-,-,-,-,-,-,-,-
1221882,blueCamp,,2677230,3672,8173,JDG,JDG knight,-,-,-,-,-,-,-,-,-,-
1223914,redCamp,,2677230,6997,11453,BLG,BLG Elk,-,-,-,-,-,-,-,-,-,-
1227921,scuttleCrab,,2677230,4486,9897,JDG,JDG knight,-,-,-,-,-,-,-,-,-,-
1230653,krug,,2677230,6642,12344,BLG,BLG XUN,-,-,-,-,-,-,-,-,-,-
1230987,raptor,,2677230,7714,5508,JDG,JDG Ruler,-,-,-,-,-,-,-,-,-,-
1236635,wolf,,2677230,3782,6556,JDG,JDG Kanavi,-,-,-,-,-,-,-,-,-,-
1267322,wolf,,2677230,11233,8431,BLG,BLG XUN,-,-,-,-,-,-,-,-,-,-
1279672,baron,,2677230,5007,10471,JDG,JDG Kanavi,JDG Ruler,JDG MISSING,JDG knight,-,-,-,-,-,-,-
1308158,krug,,2677230,8396,2664,JDG,JDG Kanavi,-,-,-,-,-,-,-,-,-,-
1389270,dragon,earth,2677230,9938,4474,JDG,JDG Kanavi,-,-,-,-,-,-,-,-,-,-
104402,raptor,,2677232,7392,5038,BLG,BLG XUN,-,-,-,-,-,-,-,-,-,-
104468,redCamp,,2677232,7150,11125,JDG,JDG Kanavi,-,-,-,-,-,-,-,-,-,-
120873,krug,,2677232,6720,12491,JDG,JDG Kanavi,-,-,-,-,-,-,-,-,-,-
127883,krug,,2677232,8103,2232,BLG,BLG XUN,-,-,-,-,-,-,-,-,-,-
141475,raptor,,2677232,7962,9842,JDG,JDG Kanavi,-,-,-,-,-,-,-,-,-,-
153731,redCamp,,2677232,7543,3850,BLG,BLG XUN,-,-,-,-,-,-,-,-,-,-
166570,wolf,,2677232,11592,8007,JDG,JDG Kanavi,-,-,-,-,-,-,-,-,-,-
182500,blueCamp,,2677232,11351,6900,JDG,JDG Kanavi,-,-,-,-,-,-,-,-,-,-
199181,gromp,,2677232,12111,6567,JDG,JDG Kanavi,-,-,-,-,-,-,-,-,-,-
214419,wolf,,2677232,4264,6000,BLG,BLG XUN,-,-,-,-,-,-,-,-,-,-
237533,blueCamp,,2677232,3376,8053,BLG,BLG XUN,-,-,-,-,-,-,-,-,-,-
250452,scuttleCrab,,2677232,11244,5420,JDG,JDG Kanavi,-,-,-,-,-,-,-,-,-,-
250785,gromp,,2677232,3043,8367,BLG,BLG XUN,-,-,-,-,-,-,-,-,-,-
265884,scuttleCrab,,2677232,5743,8860,BLG,BLG XUN,-,-,-,-,-,-,-,-,-,-
328704,raptor,,2677232,7921,9884,JDG,JDG Kanavi,-,-,-,-,-,-,-,-,-,-
345176,krug,,2677232,6346,12305,JDG,JDG Kanavi,-,-,-,-,-,-,-,-,-,-
361228,krug,,2677232,8540,2548,BLG,BLG XUN,-,-,-,-,-,-,-,-,-,-
393712,wolf,,2677232,11156,7737,JDG,JDG Kanavi,-,-,-,-,-,-,-,-,-,-
416547,dragon,chemtech,2677232,10265,4803,JDG,JDG Kanavi,JDG knight,BLG XUN,-,-,-,-,-,-,-,-
427052,scuttleCrab,,2677232,9583,5609,JDG,JDG Kanavi,-,-,-,-,-,-,-,-,-,-
445904,raptor,,2677232,6806,5171,BLG,BLG XUN,-,-,-,-,-,-,-,-,-,-
498338,redCamp,,2677232,7140,3959,BLG,BLG XUN,-,-,-,-,-,-,-,-,-,-
511358,blueCamp,,2677232,11692,6962,JDG,JDG Kanavi,-,-,-,-,-,-,-,-,-,-
520799,wolf,,2677232,3164,7360,BLG,BLG XUN,-,-,-,-,-,-,-,-,-,-
529325,gromp,,2677232,12358,6686,JDG,JDG Kanavi,-,-,-,-,-,-,-,-,-,-
539970,gromp,,2677232,2926,8370,BLG,BLG XUN,-,-,-,-,-,-,-,-,-,-
549803,wolf,,2677232,9972,9056,JDG,JDG Kanavi,-,-,-,-,-,-,-,-,-,-
564583,riftHerald,,2677232,4560,10036,BLG,BLG XUN,BLG Bin,-,-,-,-,-,-,-,-,-
565421,raptor,,2677232,8029,10020,JDG,JDG Kanavi,-,-,-,-,-,-,-,-,-,-
579286,redCamp,,2677232,6618,11375,JDG,JDG Kanavi,-,-,-,-,-,-,-,-,-,-
590391,blueCamp,,2677232,3193,7441,BLG,BLG XUN,-,-,-,-,-,-,-,-,-,-
594860,scuttleCrab,,2677232,5842,9351,JDG,JDG Kanavi,-,-,-,-,-,-,-,-,-,-
626619,raptor,,2677232,8250,5298,BLG,BLG XUN,-,-,-,-,-,-,-,-,-,-
681354,gromp,,2677232,12227,6556,JDG,JDG Kanavi,-,-,-,-,-,-,-,-,-,-
694487,wolf,,2677232,10417,8735,JDG,JDG Kanavi,-,-,-,-,-,-,-,-,-,-
699763,krug,,2677232,8574,2452,BLG,BLG XUN,-,-,-,-,-,-,-,-,-,-
711918,raptor,,2677232,7143,9312,JDG,JDG Kanavi,-,-,-,-,-,-,-,-,-,-
745627,dragon,air,2677232,10219,4798,JDG,JDG Kanavi,BLG Yagao,JDG Ruler,JDG MISSING,JDG knight,BLG ON,-,-,-,-,-
781561,krug,,2677232,6376,12251,JDG,JDG 369,-,-,-,-,-,-,-,-,-,-
784756,raptor,,2677232,6921,4981,JDG,JDG Kanavi,-,-,-,-,-,-,-,-,-,-
800277,wolf,,2677232,3604,6440,BLG,BLG XUN,-,-,-,-,-,-,-,-,-,-
816307,gromp,,2677232,2779,8458,BLG,BLG XUN,-,-,-,-,-,-,-,-,-,-
827897,scuttleCrab,,2677232,4017,9375,BLG,BLG XUN,-,-,-,-,-,-,-,-,-,-
832463,blueCamp,,2677232,11630,6883,JDG,JDG Kanavi,-,-,-,-,-,-,-,-,-,-
846846,gromp,,2677232,11717,6109,JDG,JDG Kanavi,-,-,-,-,-,-,-,-,-,-
878534,redCamp,,2677232,6598,4540,BLG,BLG Elk,-,-,-,-,-,-,-,-,-,-
885646,wolf,,2677232,9704,9281,JDG,JDG Kanavi,-,-,-,-,-,-,-,-,-,-
896896,raptor,,2677232,7976,10223,JDG,JDG Kanavi,-,-,-,-,-,-,-,-,-,-
910863,redCamp,,2677232,6556,11346,JDG,JDG Kanavi,-,-,-,-,-,-,-,-,-,-
916169,blueCamp,,2677232,3238,7730,BLG,BLG XUN,-,-,-,-,-,-,-,-,-,-
937286,raptor,,2677232,7630,5218,BLG,BLG XUN,-,-,-,-,-,-,-,-,-,-
953060,riftHerald,,2677232,4696,9930,JDG,JDG Kanavi,-,-,-,-,-,-,-,-,-,-
957630,wolf,,2677232,3337,6980,BLG,BLG XUN,-,-,-,-,-,-,-,-,-,-
992696,krug,,2677232,6409,12207,JDG,JDG knight,-,-,-,-,-,-,-,-,-,-
1000031,gromp,,2677232,2631,8177,BLG,BLG XUN,-,-,-,-,-,-,-,-,-,-
1017367,krug,,2677232,9049,2591,JDG,JDG 369,-,-,-,-,-,-,-,-,-,-
1042658,wolf,,2677232,10087,8773,JDG,JDG Kanavi,-,-,-,-,-,-,-,-,-,-
1044723,scuttleCrab,,2677232,10874,5409,JDG,JDG 369,-,-,-,-,-,-,-,-,-,-
1088680,dragon,earth,2677232,9866,4416,BLG,BLG Bin,JDG MISSING,JDG Kanavi,JDG 369,-,-,-,-,-,-,-
1108306,raptor,,2677232,7330,5104,BLG,BLG XUN,-,-,-,-,-,-,-,-,-,-
1114111,gromp,,2677232,12146,6846,JDG,JDG Kanavi,-,-,-,-,-,-,-,-,-,-
1134912,wolf,,2677232,4660,6123,BLG,BLG Elk,-,-,-,-,-,-,-,-,-,-
1159155,gromp,,2677232,2360,8671,BLG,BLG XUN,-,-,-,-,-,-,-,-,-,-
1182510,krug,,2677232,6195,12451,BLG,BLG XUN,-,-,-,-,-,-,-,-,-,-
1182878,blueCamp,,2677232,11671,7244,JDG,JDG Kanavi,-,-,-,-,-,-,-,-,-,-
1190326,wolf,,2677232,9972,9106,JDG,JDG Kanavi,-,-,-,-,-,-,-,-,-,-
1203553,raptor,,2677232,7454,9762,JDG,JDG Kanavi,-,-,-,-,-,-,-,-,-,-
1223833,baron,,2677232,5007,10471,JDG,JDG Kanavi,JDG Ruler,JDG MISSING,JDG knight,JDG 369,-,-,-,-,-,-
1251854,redCamp,,2677232,7996,3518,BLG,BLG XUN,-,-,-,-,-,-,-,-,-,-
1258953,krug,,2677232,8394,2762,BLG,BLG XUN,-,-,-,-,-,-,-,-,-,-
1262363,scuttleCrab,,2677232,10412,5498,JDG,JDG Kanavi,-,-,-,-,-,-,-,-,-,-
1262863,redCamp,,2677232,7765,10664,JDG,JDG Ruler,-,-,-,-,-,-,-,-,-,-
1275541,wolf,,2677232,4187,6034,BLG,BLG Elk,-,-,-,-,-,-,-,-,-,-
1279919,raptor,,2677232,5881,4121,BLG,BLG XUN,-,-,-,-,-,-,-,-,-,-
